"","query","noutputs"
0,"\n!x{[^\n]* WHERE [^\n]*}\n",116659
1,"\n!x{[^\n]* WHERE [^\n]* OPTIONAL [^\n]*}\n",80745
2,"\n!x{[^\n]* WHERE [^\n]* FILTER [^\n]*}\n",21333
3,"\n!x{[^\n]* WHERE [^\n]* WHERE [^\n]*}\n",2225
4,"\n!x{[^\n]* WHERE [^\n]* PREFIX [^\n]*}\n",0
5,"\n!x{[^\n]* WHERE [^\n]* SELECT [^\n]*}\n",2225
6,"\n!x{[^\n]* WHERE [^\n]* DISTINCT [^\n]*}\n",0
7,"\n!x{[^\n]* WHERE [^\n]* LIMIT [^\n]*}\n",8868
8,"\n!x{[^\n]* WHERE [^\n]* CONSTRUCT [^\n]*}\n",0
9,"\n!x{[^\n]* WHERE [^\n]* BIND [^\n]*}\n",0
10,"\n!x{[^\n]* WHERE [^\n]* AS [^\n]*}\n",1121
11,"\n!x{[^\n]* WHERE [^\n]* ASK [^\n]*}\n",0
12,"\n!x{[^\n]* WHERE [^\n]* GROUP BY [^\n]*}\n",3202
13,"\n!x{[^\n]* WHERE [^\n]* ORDER BY [^\n]*}\n",2546
14,"\n!x{[^\n]* SELECT [^\n]*}\n",105747
15,"\n!x{[^\n]* SELECT [^\n]* OPTIONAL [^\n]*}\n",79938
16,"\n!x{[^\n]* SELECT [^\n]* FILTER [^\n]*}\n",21191
17,"\n!x{[^\n]* SELECT [^\n]* WHERE [^\n]*}\n",105747
18,"\n!x{[^\n]* SELECT [^\n]* PREFIX [^\n]*}\n",0
19,"\n!x{[^\n]* SELECT [^\n]* SELECT [^\n]*}\n",96
20,"\n!x{[^\n]* SELECT [^\n]* DISTINCT [^\n]*}\n",0
21,"\n!x{[^\n]* SELECT [^\n]* LIMIT [^\n]*}\n",5298
22,"\n!x{[^\n]* SELECT [^\n]* CONSTRUCT [^\n]*}\n",0
23,"\n!x{[^\n]* SELECT [^\n]* BIND [^\n]*}\n",0
24,"\n!x{[^\n]* SELECT [^\n]* AS [^\n]*}\n",1444
25,"\n!x{[^\n]* SELECT [^\n]* ASK [^\n]*}\n",0
26,"\n!x{[^\n]* SELECT [^\n]* GROUP BY [^\n]*}\n",3158
27,"\n!x{[^\n]* SELECT [^\n]* ORDER BY [^\n]*}\n",2534
28,"\n!x{[^\n]* SELECT [^\n]* WHERE [^\n]*}\n",105747
29,"\n!x{[^\n]* SELECT [^\n]* WHERE [^\n]* OPTIONAL [^\n]*}\n",79938
30,"\n!x{[^\n]* SELECT [^\n]* WHERE [^\n]* FILTER [^\n]*}\n",21191
31,"\n!x{[^\n]* SELECT [^\n]* WHERE [^\n]* WHERE [^\n]*}\n",96
32,"\n!x{[^\n]* SELECT [^\n]* WHERE [^\n]* PREFIX [^\n]*}\n",0
33,"\n!x{[^\n]* SELECT [^\n]* WHERE [^\n]* SELECT [^\n]*}\n",96
34,"\n!x{[^\n]* SELECT [^\n]* WHERE [^\n]* DISTINCT [^\n]*}\n",0
35,"\n!x{[^\n]* SELECT [^\n]* WHERE [^\n]* LIMIT [^\n]*}\n",5298
36,"\n!x{[^\n]* SELECT [^\n]* WHERE [^\n]* CONSTRUCT [^\n]*}\n",0
37,"\n!x{[^\n]* SELECT [^\n]* WHERE [^\n]* BIND [^\n]*}\n",0
38,"\n!x{[^\n]* SELECT [^\n]* WHERE [^\n]* AS [^\n]*}\n",48
39,"\n!x{[^\n]* SELECT [^\n]* WHERE [^\n]* ASK [^\n]*}\n",0
40,"\n!x{[^\n]* SELECT [^\n]* WHERE [^\n]* GROUP BY [^\n]*}\n",3158
41,"\n!x{[^\n]* SELECT [^\n]* WHERE [^\n]* ORDER BY [^\n]*}\n",2534
42,"\n!x{[^\n]* PREFIX [^\n]*}\n",100668
43,"\n!x{[^\n]* PREFIX [^\n]* OPTIONAL [^\n]*}\n",79566
44,"\n!x{[^\n]* PREFIX [^\n]* FILTER [^\n]*}\n",20298
45,"\n!x{[^\n]* PREFIX [^\n]* WHERE [^\n]*}\n",100656
46,"\n!x{[^\n]* PREFIX [^\n]* PREFIX [^\n]*}\n",99725
47,"\n!x{[^\n]* PREFIX [^\n]* SELECT [^\n]*}\n",100655
48,"\n!x{[^\n]* PREFIX [^\n]* DISTINCT [^\n]*}\n",99123
49,"\n!x{[^\n]* PREFIX [^\n]* LIMIT [^\n]*}\n",1119
50,"\n!x{[^\n]* PREFIX [^\n]* CONSTRUCT [^\n]*}\n",97
51,"\n!x{[^\n]* PREFIX [^\n]* BIND [^\n]*}\n",0
52,"\n!x{[^\n]* PREFIX [^\n]* AS [^\n]*}\n",244
53,"\n!x{[^\n]* PREFIX [^\n]* ASK [^\n]*}\n",0
54,"\n!x{[^\n]* PREFIX [^\n]* GROUP BY [^\n]*}\n",2486
55,"\n!x{[^\n]* PREFIX [^\n]* ORDER BY [^\n]*}\n",2342
56,"\n!x{[^\n]* PREFIX [^\n]* WHERE [^\n]*}\n",100656
57,"\n!x{[^\n]* PREFIX [^\n]* WHERE [^\n]* OPTIONAL [^\n]*}\n",79566
58,"\n!x{[^\n]* PREFIX [^\n]* WHERE [^\n]* FILTER [^\n]*}\n",20298
59,"\n!x{[^\n]* PREFIX [^\n]* WHERE [^\n]* WHERE [^\n]*}\n",96
60,"\n!x{[^\n]* PREFIX [^\n]* WHERE [^\n]* PREFIX [^\n]*}\n",0
61,"\n!x{[^\n]* PREFIX [^\n]* WHERE [^\n]* SELECT [^\n]*}\n",96
62,"\n!x{[^\n]* PREFIX [^\n]* WHERE [^\n]* DISTINCT [^\n]*}\n",0
63,"\n!x{[^\n]* PREFIX [^\n]* WHERE [^\n]* LIMIT [^\n]*}\n",1119
64,"\n!x{[^\n]* PREFIX [^\n]* WHERE [^\n]* CONSTRUCT [^\n]*}\n",0
65,"\n!x{[^\n]* PREFIX [^\n]* WHERE [^\n]* BIND [^\n]*}\n",0
66,"\n!x{[^\n]* PREFIX [^\n]* WHERE [^\n]* AS [^\n]*}\n",96
67,"\n!x{[^\n]* PREFIX [^\n]* WHERE [^\n]* ASK [^\n]*}\n",0
68,"\n!x{[^\n]* PREFIX [^\n]* WHERE [^\n]* GROUP BY [^\n]*}\n",2486
69,"\n!x{[^\n]* PREFIX [^\n]* WHERE [^\n]* ORDER BY [^\n]*}\n",2342
70,"\n!x{[^\n]* PREFIX [^\n]* SELECT [^\n]*}\n",100655
71,"\n!x{[^\n]* PREFIX [^\n]* SELECT [^\n]* OPTIONAL [^\n]*}\n",79566
72,"\n!x{[^\n]* PREFIX [^\n]* SELECT [^\n]* FILTER [^\n]*}\n",20297
73,"\n!x{[^\n]* PREFIX [^\n]* SELECT [^\n]* WHERE [^\n]*}\n",100655
74,"\n!x{[^\n]* PREFIX [^\n]* SELECT [^\n]* PREFIX [^\n]*}\n",0
75,"\n!x{[^\n]* PREFIX [^\n]* SELECT [^\n]* SELECT [^\n]*}\n",0
76,"\n!x{[^\n]* PREFIX [^\n]* SELECT [^\n]* DISTINCT [^\n]*}\n",0
77,"\n!x{[^\n]* PREFIX [^\n]* SELECT [^\n]* LIMIT [^\n]*}\n",1118
78,"\n!x{[^\n]* PREFIX [^\n]* SELECT [^\n]* CONSTRUCT [^\n]*}\n",0
79,"\n!x{[^\n]* PREFIX [^\n]* SELECT [^\n]* BIND [^\n]*}\n",0
80,"\n!x{[^\n]* PREFIX [^\n]* SELECT [^\n]* AS [^\n]*}\n",244
81,"\n!x{[^\n]* PREFIX [^\n]* SELECT [^\n]* ASK [^\n]*}\n",0
82,"\n!x{[^\n]* PREFIX [^\n]* SELECT [^\n]* GROUP BY [^\n]*}\n",2486
83,"\n!x{[^\n]* PREFIX [^\n]* SELECT [^\n]* ORDER BY [^\n]*}\n",2342
84,"\n!x{[^\n]* DISTINCT [^\n]*}\n",100130
85,"\n!x{[^\n]* DISTINCT [^\n]* OPTIONAL [^\n]*}\n",80142
86,"\n!x{[^\n]* DISTINCT [^\n]* FILTER [^\n]*}\n",19553
87,"\n!x{[^\n]* DISTINCT [^\n]* WHERE [^\n]*}\n",100130
88,"\n!x{[^\n]* DISTINCT [^\n]* PREFIX [^\n]*}\n",0
89,"\n!x{[^\n]* DISTINCT [^\n]* SELECT [^\n]*}\n",0
90,"\n!x{[^\n]* DISTINCT [^\n]* DISTINCT [^\n]*}\n",0
91,"\n!x{[^\n]* DISTINCT [^\n]* LIMIT [^\n]*}\n",1009
92,"\n!x{[^\n]* DISTINCT [^\n]* CONSTRUCT [^\n]*}\n",0
93,"\n!x{[^\n]* DISTINCT [^\n]* BIND [^\n]*}\n",0
94,"\n!x{[^\n]* DISTINCT [^\n]* AS [^\n]*}\n",0
95,"\n!x{[^\n]* DISTINCT [^\n]* ASK [^\n]*}\n",0
96,"\n!x{[^\n]* DISTINCT [^\n]* GROUP BY [^\n]*}\n",2342
97,"\n!x{[^\n]* DISTINCT [^\n]* ORDER BY [^\n]*}\n",2342
98,"\n!x{[^\n]* DISTINCT [^\n]* WHERE [^\n]*}\n",100130
99,"\n!x{[^\n]* DISTINCT [^\n]* WHERE [^\n]* OPTIONAL [^\n]*}\n",80142
100,"\n!x{[^\n]* DISTINCT [^\n]* WHERE [^\n]* FILTER [^\n]*}\n",19553
101,"\n!x{[^\n]* DISTINCT [^\n]* WHERE [^\n]* WHERE [^\n]*}\n",0
102,"\n!x{[^\n]* DISTINCT [^\n]* WHERE [^\n]* PREFIX [^\n]*}\n",0
103,"\n!x{[^\n]* DISTINCT [^\n]* WHERE [^\n]* SELECT [^\n]*}\n",0
104,"\n!x{[^\n]* DISTINCT [^\n]* WHERE [^\n]* DISTINCT [^\n]*}\n",0
105,"\n!x{[^\n]* DISTINCT [^\n]* WHERE [^\n]* LIMIT [^\n]*}\n",1009
106,"\n!x{[^\n]* DISTINCT [^\n]* WHERE [^\n]* CONSTRUCT [^\n]*}\n",0
107,"\n!x{[^\n]* DISTINCT [^\n]* WHERE [^\n]* BIND [^\n]*}\n",0
108,"\n!x{[^\n]* DISTINCT [^\n]* WHERE [^\n]* AS [^\n]*}\n",0
109,"\n!x{[^\n]* DISTINCT [^\n]* WHERE [^\n]* ASK [^\n]*}\n",0
110,"\n!x{[^\n]* DISTINCT [^\n]* WHERE [^\n]* GROUP BY [^\n]*}\n",2342
111,"\n!x{[^\n]* DISTINCT [^\n]* WHERE [^\n]* ORDER BY [^\n]*}\n",2342
112,"\n!x{[^\n]* PREFIX [^\n]* PREFIX [^\n]*}\n",99725
113,"\n!x{[^\n]* PREFIX [^\n]* PREFIX [^\n]* OPTIONAL [^\n]*}\n",79566
114,"\n!x{[^\n]* PREFIX [^\n]* PREFIX [^\n]* FILTER [^\n]*}\n",19595
115,"\n!x{[^\n]* PREFIX [^\n]* PREFIX [^\n]* WHERE [^\n]*}\n",99713
116,"\n!x{[^\n]* PREFIX [^\n]* PREFIX [^\n]* PREFIX [^\n]*}\n",99440
117,"\n!x{[^\n]* PREFIX [^\n]* PREFIX [^\n]* SELECT [^\n]*}\n",99713
118,"\n!x{[^\n]* PREFIX [^\n]* PREFIX [^\n]* DISTINCT [^\n]*}\n",99123
119,"\n!x{[^\n]* PREFIX [^\n]* PREFIX [^\n]* LIMIT [^\n]*}\n",320
120,"\n!x{[^\n]* PREFIX [^\n]* PREFIX [^\n]* CONSTRUCT [^\n]*}\n",0
121,"\n!x{[^\n]* PREFIX [^\n]* PREFIX [^\n]* BIND [^\n]*}\n",0
122,"\n!x{[^\n]* PREFIX [^\n]* PREFIX [^\n]* AS [^\n]*}\n",100
123,"\n!x{[^\n]* PREFIX [^\n]* PREFIX [^\n]* ASK [^\n]*}\n",0
124,"\n!x{[^\n]* PREFIX [^\n]* PREFIX [^\n]* GROUP BY [^\n]*}\n",2342
125,"\n!x{[^\n]* PREFIX [^\n]* PREFIX [^\n]* ORDER BY [^\n]*}\n",2342
126,"\n!x{[^\n]* PREFIX [^\n]* DISTINCT [^\n]*}\n",99123
127,"\n!x{[^\n]* PREFIX [^\n]* DISTINCT [^\n]* OPTIONAL [^\n]*}\n",79566
128,"\n!x{[^\n]* PREFIX [^\n]* DISTINCT [^\n]* FILTER [^\n]*}\n",19547
129,"\n!x{[^\n]* PREFIX [^\n]* DISTINCT [^\n]* WHERE [^\n]*}\n",99123
130,"\n!x{[^\n]* PREFIX [^\n]* DISTINCT [^\n]* PREFIX [^\n]*}\n",0
131,"\n!x{[^\n]* PREFIX [^\n]* DISTINCT [^\n]* SELECT [^\n]*}\n",0
132,"\n!x{[^\n]* PREFIX [^\n]* DISTINCT [^\n]* DISTINCT [^\n]*}\n",0
133,"\n!x{[^\n]* PREFIX [^\n]* DISTINCT [^\n]* LIMIT [^\n]*}\n",28
134,"\n!x{[^\n]* PREFIX [^\n]* DISTINCT [^\n]* CONSTRUCT [^\n]*}\n",0
135,"\n!x{[^\n]* PREFIX [^\n]* DISTINCT [^\n]* BIND [^\n]*}\n",0
136,"\n!x{[^\n]* PREFIX [^\n]* DISTINCT [^\n]* AS [^\n]*}\n",0
137,"\n!x{[^\n]* PREFIX [^\n]* DISTINCT [^\n]* ASK [^\n]*}\n",0
138,"\n!x{[^\n]* PREFIX [^\n]* DISTINCT [^\n]* GROUP BY [^\n]*}\n",2342
139,"\n!x{[^\n]* PREFIX [^\n]* DISTINCT [^\n]* ORDER BY [^\n]*}\n",2342
140,"\n!x{[^\n]* OPTIONAL [^\n]*}\n",80746
141,"\n!x{[^\n]* OPTIONAL [^\n]* OPTIONAL [^\n]*}\n",48396
142,"\n!x{[^\n]* OPTIONAL [^\n]* FILTER [^\n]*}\n",19733
143,"\n!x{[^\n]* OPTIONAL [^\n]* WHERE [^\n]*}\n",0
144,"\n!x{[^\n]* OPTIONAL [^\n]* PREFIX [^\n]*}\n",0
145,"\n!x{[^\n]* OPTIONAL [^\n]* SELECT [^\n]*}\n",0
146,"\n!x{[^\n]* OPTIONAL [^\n]* DISTINCT [^\n]*}\n",0
147,"\n!x{[^\n]* OPTIONAL [^\n]* LIMIT [^\n]*}\n",1197
148,"\n!x{[^\n]* OPTIONAL [^\n]* CONSTRUCT [^\n]*}\n",0
149,"\n!x{[^\n]* OPTIONAL [^\n]* BIND [^\n]*}\n",0
150,"\n!x{[^\n]* OPTIONAL [^\n]* AS [^\n]*}\n",0
151,"\n!x{[^\n]* OPTIONAL [^\n]* ASK [^\n]*}\n",0
152,"\n!x{[^\n]* OPTIONAL [^\n]* GROUP BY [^\n]*}\n",2342
153,"\n!x{[^\n]* OPTIONAL [^\n]* ORDER BY [^\n]*}\n",2342
154,"\n!x{[^\n]* WHERE [^\n]* OPTIONAL [^\n]*}\n",80745
155,"\n!x{[^\n]* WHERE [^\n]* OPTIONAL [^\n]* OPTIONAL [^\n]*}\n",48395
156,"\n!x{[^\n]* WHERE [^\n]* OPTIONAL [^\n]* FILTER [^\n]*}\n",19733
157,"\n!x{[^\n]* WHERE [^\n]* OPTIONAL [^\n]* WHERE [^\n]*}\n",0
158,"\n!x{[^\n]* WHERE [^\n]* OPTIONAL [^\n]* PREFIX [^\n]*}\n",0
159,"\n!x{[^\n]* WHERE [^\n]* OPTIONAL [^\n]* SELECT [^\n]*}\n",0
160,"\n!x{[^\n]* WHERE [^\n]* OPTIONAL [^\n]* DISTINCT [^\n]*}\n",0
161,"\n!x{[^\n]* WHERE [^\n]* OPTIONAL [^\n]* LIMIT [^\n]*}\n",1197
162,"\n!x{[^\n]* WHERE [^\n]* OPTIONAL [^\n]* CONSTRUCT [^\n]*}\n",0
163,"\n!x{[^\n]* WHERE [^\n]* OPTIONAL [^\n]* BIND [^\n]*}\n",0
164,"\n!x{[^\n]* WHERE [^\n]* OPTIONAL [^\n]* AS [^\n]*}\n",0
165,"\n!x{[^\n]* WHERE [^\n]* OPTIONAL [^\n]* ASK [^\n]*}\n",0
166,"\n!x{[^\n]* WHERE [^\n]* OPTIONAL [^\n]* GROUP BY [^\n]*}\n",2342
167,"\n!x{[^\n]* WHERE [^\n]* OPTIONAL [^\n]* ORDER BY [^\n]*}\n",2342
168,"\n!x{[^\n]* DISTINCT [^\n]* OPTIONAL [^\n]*}\n",80142
169,"\n!x{[^\n]* DISTINCT [^\n]* OPTIONAL [^\n]* OPTIONAL [^\n]*}\n",48395
170,"\n!x{[^\n]* DISTINCT [^\n]* OPTIONAL [^\n]* FILTER [^\n]*}\n",19547
171,"\n!x{[^\n]* DISTINCT [^\n]* OPTIONAL [^\n]* WHERE [^\n]*}\n",0
172,"\n!x{[^\n]* DISTINCT [^\n]* OPTIONAL [^\n]* PREFIX [^\n]*}\n",0
173,"\n!x{[^\n]* DISTINCT [^\n]* OPTIONAL [^\n]* SELECT [^\n]*}\n",0
174,"\n!x{[^\n]* DISTINCT [^\n]* OPTIONAL [^\n]* DISTINCT [^\n]*}\n",0
175,"\n!x{[^\n]* DISTINCT [^\n]* OPTIONAL [^\n]* LIMIT [^\n]*}\n",594
176,"\n!x{[^\n]* DISTINCT [^\n]* OPTIONAL [^\n]* CONSTRUCT [^\n]*}\n",0
177,"\n!x{[^\n]* DISTINCT [^\n]* OPTIONAL [^\n]* BIND [^\n]*}\n",0
178,"\n!x{[^\n]* DISTINCT [^\n]* OPTIONAL [^\n]* AS [^\n]*}\n",0
179,"\n!x{[^\n]* DISTINCT [^\n]* OPTIONAL [^\n]* ASK [^\n]*}\n",0
180,"\n!x{[^\n]* DISTINCT [^\n]* OPTIONAL [^\n]* GROUP BY [^\n]*}\n",2342
181,"\n!x{[^\n]* DISTINCT [^\n]* OPTIONAL [^\n]* ORDER BY [^\n]*}\n",2342
182,"\n!x{[^\n]* SELECT [^\n]* OPTIONAL [^\n]*}\n",79938
183,"\n!x{[^\n]* SELECT [^\n]* OPTIONAL [^\n]* OPTIONAL [^\n]*}\n",48395
184,"\n!x{[^\n]* SELECT [^\n]* OPTIONAL [^\n]* FILTER [^\n]*}\n",19733
185,"\n!x{[^\n]* SELECT [^\n]* OPTIONAL [^\n]* WHERE [^\n]*}\n",0
186,"\n!x{[^\n]* SELECT [^\n]* OPTIONAL [^\n]* PREFIX [^\n]*}\n",0
187,"\n!x{[^\n]* SELECT [^\n]* OPTIONAL [^\n]* SELECT [^\n]*}\n",0
188,"\n!x{[^\n]* SELECT [^\n]* OPTIONAL [^\n]* DISTINCT [^\n]*}\n",0
189,"\n!x{[^\n]* SELECT [^\n]* OPTIONAL [^\n]* LIMIT [^\n]*}\n",390
190,"\n!x{[^\n]* SELECT [^\n]* OPTIONAL [^\n]* CONSTRUCT [^\n]*}\n",0
191,"\n!x{[^\n]* SELECT [^\n]* OPTIONAL [^\n]* BIND [^\n]*}\n",0
192,"\n!x{[^\n]* SELECT [^\n]* OPTIONAL [^\n]* AS [^\n]*}\n",0
193,"\n!x{[^\n]* SELECT [^\n]* OPTIONAL [^\n]* ASK [^\n]*}\n",0
194,"\n!x{[^\n]* SELECT [^\n]* OPTIONAL [^\n]* GROUP BY [^\n]*}\n",2342
195,"\n!x{[^\n]* SELECT [^\n]* OPTIONAL [^\n]* ORDER BY [^\n]*}\n",2342
196,"\n!x{[^\n]* PREFIX [^\n]* OPTIONAL [^\n]*}\n",79566
197,"\n!x{[^\n]* PREFIX [^\n]* OPTIONAL [^\n]* OPTIONAL [^\n]*}\n",48395
198,"\n!x{[^\n]* PREFIX [^\n]* OPTIONAL [^\n]* FILTER [^\n]*}\n",19547
199,"\n!x{[^\n]* PREFIX [^\n]* OPTIONAL [^\n]* WHERE [^\n]*}\n",0
200,"\n!x{[^\n]* PREFIX [^\n]* OPTIONAL [^\n]* PREFIX [^\n]*}\n",0
201,"\n!x{[^\n]* PREFIX [^\n]* OPTIONAL [^\n]* SELECT [^\n]*}\n",0
202,"\n!x{[^\n]* PREFIX [^\n]* OPTIONAL [^\n]* DISTINCT [^\n]*}\n",0
203,"\n!x{[^\n]* PREFIX [^\n]* OPTIONAL [^\n]* LIMIT [^\n]*}\n",18
204,"\n!x{[^\n]* PREFIX [^\n]* OPTIONAL [^\n]* CONSTRUCT [^\n]*}\n",0
205,"\n!x{[^\n]* PREFIX [^\n]* OPTIONAL [^\n]* BIND [^\n]*}\n",0
206,"\n!x{[^\n]* PREFIX [^\n]* OPTIONAL [^\n]* AS [^\n]*}\n",0
207,"\n!x{[^\n]* PREFIX [^\n]* OPTIONAL [^\n]* ASK [^\n]*}\n",0
208,"\n!x{[^\n]* PREFIX [^\n]* OPTIONAL [^\n]* GROUP BY [^\n]*}\n",2342
209,"\n!x{[^\n]* PREFIX [^\n]* OPTIONAL [^\n]* ORDER BY [^\n]*}\n",2342
210,"\n!x{[^\n]* OPTIONAL [^\n]* OPTIONAL [^\n]*}\n",48396
211,"\n!x{[^\n]* OPTIONAL [^\n]* OPTIONAL [^\n]* OPTIONAL [^\n]*}\n",48395
212,"\n!x{[^\n]* OPTIONAL [^\n]* OPTIONAL [^\n]* FILTER [^\n]*}\n",19547
213,"\n!x{[^\n]* OPTIONAL [^\n]* OPTIONAL [^\n]* WHERE [^\n]*}\n",0
214,"\n!x{[^\n]* OPTIONAL [^\n]* OPTIONAL [^\n]* PREFIX [^\n]*}\n",0
215,"\n!x{[^\n]* OPTIONAL [^\n]* OPTIONAL [^\n]* SELECT [^\n]*}\n",0
216,"\n!x{[^\n]* OPTIONAL [^\n]* OPTIONAL [^\n]* DISTINCT [^\n]*}\n",0
217,"\n!x{[^\n]* OPTIONAL [^\n]* OPTIONAL [^\n]* LIMIT [^\n]*}\n",18
218,"\n!x{[^\n]* OPTIONAL [^\n]* OPTIONAL [^\n]* CONSTRUCT [^\n]*}\n",0
219,"\n!x{[^\n]* OPTIONAL [^\n]* OPTIONAL [^\n]* BIND [^\n]*}\n",0
220,"\n!x{[^\n]* OPTIONAL [^\n]* OPTIONAL [^\n]* AS [^\n]*}\n",0
221,"\n!x{[^\n]* OPTIONAL [^\n]* OPTIONAL [^\n]* ASK [^\n]*}\n",0
222,"\n!x{[^\n]* OPTIONAL [^\n]* OPTIONAL [^\n]* GROUP BY [^\n]*}\n",0
223,"\n!x{[^\n]* OPTIONAL [^\n]* OPTIONAL [^\n]* ORDER BY [^\n]*}\n",0
224,"\n!x{[^\n]* FILTER [^\n]*}\n",21333
225,"\n!x{[^\n]* FILTER [^\n]* OPTIONAL [^\n]*}\n",0
226,"\n!x{[^\n]* FILTER [^\n]* FILTER [^\n]*}\n",6
227,"\n!x{[^\n]* FILTER [^\n]* WHERE [^\n]*}\n",0
228,"\n!x{[^\n]* FILTER [^\n]* PREFIX [^\n]*}\n",0
229,"\n!x{[^\n]* FILTER [^\n]* SELECT [^\n]*}\n",0
230,"\n!x{[^\n]* FILTER [^\n]* DISTINCT [^\n]*}\n",0
231,"\n!x{[^\n]* FILTER [^\n]* LIMIT [^\n]*}\n",1347
232,"\n!x{[^\n]* FILTER [^\n]* CONSTRUCT [^\n]*}\n",0
233,"\n!x{[^\n]* FILTER [^\n]* BIND [^\n]*}\n",0
234,"\n!x{[^\n]* FILTER [^\n]* AS [^\n]*}\n",0
235,"\n!x{[^\n]* FILTER [^\n]* ASK [^\n]*}\n",0
236,"\n!x{[^\n]* FILTER [^\n]* GROUP BY [^\n]*}\n",32
237,"\n!x{[^\n]* FILTER [^\n]* ORDER BY [^\n]*}\n",0
238,"\n!x{[^\n]* WHERE [^\n]* FILTER [^\n]*}\n",21333
239,"\n!x{[^\n]* WHERE [^\n]* FILTER [^\n]* OPTIONAL [^\n]*}\n",0
240,"\n!x{[^\n]* WHERE [^\n]* FILTER [^\n]* FILTER [^\n]*}\n",6
241,"\n!x{[^\n]* WHERE [^\n]* FILTER [^\n]* WHERE [^\n]*}\n",0
242,"\n!x{[^\n]* WHERE [^\n]* FILTER [^\n]* PREFIX [^\n]*}\n",0
243,"\n!x{[^\n]* WHERE [^\n]* FILTER [^\n]* SELECT [^\n]*}\n",0
244,"\n!x{[^\n]* WHERE [^\n]* FILTER [^\n]* DISTINCT [^\n]*}\n",0
245,"\n!x{[^\n]* WHERE [^\n]* FILTER [^\n]* LIMIT [^\n]*}\n",1347
246,"\n!x{[^\n]* WHERE [^\n]* FILTER [^\n]* CONSTRUCT [^\n]*}\n",0
247,"\n!x{[^\n]* WHERE [^\n]* FILTER [^\n]* BIND [^\n]*}\n",0
248,"\n!x{[^\n]* WHERE [^\n]* FILTER [^\n]* AS [^\n]*}\n",0
249,"\n!x{[^\n]* WHERE [^\n]* FILTER [^\n]* ASK [^\n]*}\n",0
250,"\n!x{[^\n]* WHERE [^\n]* FILTER [^\n]* GROUP BY [^\n]*}\n",32
251,"\n!x{[^\n]* WHERE [^\n]* FILTER [^\n]* ORDER BY [^\n]*}\n",0
252,"\n!x{[^\n]* SELECT [^\n]* FILTER [^\n]*}\n",21191
253,"\n!x{[^\n]* SELECT [^\n]* FILTER [^\n]* OPTIONAL [^\n]*}\n",0
254,"\n!x{[^\n]* SELECT [^\n]* FILTER [^\n]* FILTER [^\n]*}\n",0
255,"\n!x{[^\n]* SELECT [^\n]* FILTER [^\n]* WHERE [^\n]*}\n",0
256,"\n!x{[^\n]* SELECT [^\n]* FILTER [^\n]* PREFIX [^\n]*}\n",0
257,"\n!x{[^\n]* SELECT [^\n]* FILTER [^\n]* SELECT [^\n]*}\n",0
258,"\n!x{[^\n]* SELECT [^\n]* FILTER [^\n]* DISTINCT [^\n]*}\n",0
259,"\n!x{[^\n]* SELECT [^\n]* FILTER [^\n]* LIMIT [^\n]*}\n",1308
260,"\n!x{[^\n]* SELECT [^\n]* FILTER [^\n]* CONSTRUCT [^\n]*}\n",0
261,"\n!x{[^\n]* SELECT [^\n]* FILTER [^\n]* BIND [^\n]*}\n",0
262,"\n!x{[^\n]* SELECT [^\n]* FILTER [^\n]* AS [^\n]*}\n",0
263,"\n!x{[^\n]* SELECT [^\n]* FILTER [^\n]* ASK [^\n]*}\n",0
264,"\n!x{[^\n]* SELECT [^\n]* FILTER [^\n]* GROUP BY [^\n]*}\n",0
265,"\n!x{[^\n]* SELECT [^\n]* FILTER [^\n]* ORDER BY [^\n]*}\n",0
266,"\n!x{[^\n]* PREFIX [^\n]* FILTER [^\n]*}\n",20298
267,"\n!x{[^\n]* PREFIX [^\n]* FILTER [^\n]* OPTIONAL [^\n]*}\n",0
268,"\n!x{[^\n]* PREFIX [^\n]* FILTER [^\n]* FILTER [^\n]*}\n",0
269,"\n!x{[^\n]* PREFIX [^\n]* FILTER [^\n]* WHERE [^\n]*}\n",0
270,"\n!x{[^\n]* PREFIX [^\n]* FILTER [^\n]* PREFIX [^\n]*}\n",0
271,"\n!x{[^\n]* PREFIX [^\n]* FILTER [^\n]* SELECT [^\n]*}\n",0
272,"\n!x{[^\n]* PREFIX [^\n]* FILTER [^\n]* DISTINCT [^\n]*}\n",0
273,"\n!x{[^\n]* PREFIX [^\n]* FILTER [^\n]* LIMIT [^\n]*}\n",751
274,"\n!x{[^\n]* PREFIX [^\n]* FILTER [^\n]* CONSTRUCT [^\n]*}\n",0
275,"\n!x{[^\n]* PREFIX [^\n]* FILTER [^\n]* BIND [^\n]*}\n",0
276,"\n!x{[^\n]* PREFIX [^\n]* FILTER [^\n]* AS [^\n]*}\n",0
277,"\n!x{[^\n]* PREFIX [^\n]* FILTER [^\n]* ASK [^\n]*}\n",0
278,"\n!x{[^\n]* PREFIX [^\n]* FILTER [^\n]* GROUP BY [^\n]*}\n",0
279,"\n!x{[^\n]* PREFIX [^\n]* FILTER [^\n]* ORDER BY [^\n]*}\n",0
280,"\n!x{[^\n]* OPTIONAL [^\n]* FILTER [^\n]*}\n",19733
281,"\n!x{[^\n]* OPTIONAL [^\n]* FILTER [^\n]* OPTIONAL [^\n]*}\n",0
282,"\n!x{[^\n]* OPTIONAL [^\n]* FILTER [^\n]* FILTER [^\n]*}\n",0
283,"\n!x{[^\n]* OPTIONAL [^\n]* FILTER [^\n]* WHERE [^\n]*}\n",0
284,"\n!x{[^\n]* OPTIONAL [^\n]* FILTER [^\n]* PREFIX [^\n]*}\n",0
285,"\n!x{[^\n]* OPTIONAL [^\n]* FILTER [^\n]* SELECT [^\n]*}\n",0
286,"\n!x{[^\n]* OPTIONAL [^\n]* FILTER [^\n]* DISTINCT [^\n]*}\n",0
287,"\n!x{[^\n]* OPTIONAL [^\n]* FILTER [^\n]* LIMIT [^\n]*}\n",186
288,"\n!x{[^\n]* OPTIONAL [^\n]* FILTER [^\n]* CONSTRUCT [^\n]*}\n",0
289,"\n!x{[^\n]* OPTIONAL [^\n]* FILTER [^\n]* BIND [^\n]*}\n",0
290,"\n!x{[^\n]* OPTIONAL [^\n]* FILTER [^\n]* AS [^\n]*}\n",0
291,"\n!x{[^\n]* OPTIONAL [^\n]* FILTER [^\n]* ASK [^\n]*}\n",0
292,"\n!x{[^\n]* OPTIONAL [^\n]* FILTER [^\n]* GROUP BY [^\n]*}\n",0
293,"\n!x{[^\n]* OPTIONAL [^\n]* FILTER [^\n]* ORDER BY [^\n]*}\n",0
294,"\n!x{[^\n]* DISTINCT [^\n]* FILTER [^\n]*}\n",19553
295,"\n!x{[^\n]* DISTINCT [^\n]* FILTER [^\n]* OPTIONAL [^\n]*}\n",0
296,"\n!x{[^\n]* DISTINCT [^\n]* FILTER [^\n]* FILTER [^\n]*}\n",6
297,"\n!x{[^\n]* DISTINCT [^\n]* FILTER [^\n]* WHERE [^\n]*}\n",0
298,"\n!x{[^\n]* DISTINCT [^\n]* FILTER [^\n]* PREFIX [^\n]*}\n",0
299,"\n!x{[^\n]* DISTINCT [^\n]* FILTER [^\n]* SELECT [^\n]*}\n",0
300,"\n!x{[^\n]* DISTINCT [^\n]* FILTER [^\n]* DISTINCT [^\n]*}\n",0
301,"\n!x{[^\n]* DISTINCT [^\n]* FILTER [^\n]* LIMIT [^\n]*}\n",6
302,"\n!x{[^\n]* DISTINCT [^\n]* FILTER [^\n]* CONSTRUCT [^\n]*}\n",0
303,"\n!x{[^\n]* DISTINCT [^\n]* FILTER [^\n]* BIND [^\n]*}\n",0
304,"\n!x{[^\n]* DISTINCT [^\n]* FILTER [^\n]* AS [^\n]*}\n",0
305,"\n!x{[^\n]* DISTINCT [^\n]* FILTER [^\n]* ASK [^\n]*}\n",0
306,"\n!x{[^\n]* DISTINCT [^\n]* FILTER [^\n]* GROUP BY [^\n]*}\n",0
307,"\n!x{[^\n]* DISTINCT [^\n]* FILTER [^\n]* ORDER BY [^\n]*}\n",0
308,"\n!x{[^\n]* WHERE [^\n]* LIMIT [^\n]*}\n",8868
309,"\n!x{[^\n]* WHERE [^\n]* LIMIT [^\n]* OPTIONAL [^\n]*}\n",0
310,"\n!x{[^\n]* WHERE [^\n]* LIMIT [^\n]* FILTER [^\n]*}\n",0
311,"\n!x{[^\n]* WHERE [^\n]* LIMIT [^\n]* WHERE [^\n]*}\n",0
312,"\n!x{[^\n]* WHERE [^\n]* LIMIT [^\n]* PREFIX [^\n]*}\n",0
313,"\n!x{[^\n]* WHERE [^\n]* LIMIT [^\n]* SELECT [^\n]*}\n",0
314,"\n!x{[^\n]* WHERE [^\n]* LIMIT [^\n]* DISTINCT [^\n]*}\n",0
315,"\n!x{[^\n]* WHERE [^\n]* LIMIT [^\n]* LIMIT [^\n]*}\n",0
316,"\n!x{[^\n]* WHERE [^\n]* LIMIT [^\n]* CONSTRUCT [^\n]*}\n",0
317,"\n!x{[^\n]* WHERE [^\n]* LIMIT [^\n]* BIND [^\n]*}\n",0
318,"\n!x{[^\n]* WHERE [^\n]* LIMIT [^\n]* AS [^\n]*}\n",0
319,"\n!x{[^\n]* WHERE [^\n]* LIMIT [^\n]* ASK [^\n]*}\n",0
320,"\n!x{[^\n]* WHERE [^\n]* LIMIT [^\n]* GROUP BY [^\n]*}\n",0
321,"\n!x{[^\n]* WHERE [^\n]* LIMIT [^\n]* ORDER BY [^\n]*}\n",0
322,"\n!x{[^\n]* LIMIT [^\n]*}\n",8868
323,"\n!x{[^\n]* LIMIT [^\n]* OPTIONAL [^\n]*}\n",0
324,"\n!x{[^\n]* LIMIT [^\n]* FILTER [^\n]*}\n",0
325,"\n!x{[^\n]* LIMIT [^\n]* WHERE [^\n]*}\n",0
326,"\n!x{[^\n]* LIMIT [^\n]* PREFIX [^\n]*}\n",0
327,"\n!x{[^\n]* LIMIT [^\n]* SELECT [^\n]*}\n",0
328,"\n!x{[^\n]* LIMIT [^\n]* DISTINCT [^\n]*}\n",0
329,"\n!x{[^\n]* LIMIT [^\n]* LIMIT [^\n]*}\n",0
330,"\n!x{[^\n]* LIMIT [^\n]* CONSTRUCT [^\n]*}\n",0
331,"\n!x{[^\n]* LIMIT [^\n]* BIND [^\n]*}\n",0
332,"\n!x{[^\n]* LIMIT [^\n]* AS [^\n]*}\n",0
333,"\n!x{[^\n]* LIMIT [^\n]* ASK [^\n]*}\n",0
334,"\n!x{[^\n]* LIMIT [^\n]* GROUP BY [^\n]*}\n",0
335,"\n!x{[^\n]* LIMIT [^\n]* ORDER BY [^\n]*}\n",0
336,"\n!x{[^\n]* SELECT [^\n]* LIMIT [^\n]*}\n",5298
337,"\n!x{[^\n]* SELECT [^\n]* LIMIT [^\n]* OPTIONAL [^\n]*}\n",0
338,"\n!x{[^\n]* SELECT [^\n]* LIMIT [^\n]* FILTER [^\n]*}\n",0
339,"\n!x{[^\n]* SELECT [^\n]* LIMIT [^\n]* WHERE [^\n]*}\n",0
340,"\n!x{[^\n]* SELECT [^\n]* LIMIT [^\n]* PREFIX [^\n]*}\n",0
341,"\n!x{[^\n]* SELECT [^\n]* LIMIT [^\n]* SELECT [^\n]*}\n",0
342,"\n!x{[^\n]* SELECT [^\n]* LIMIT [^\n]* DISTINCT [^\n]*}\n",0
343,"\n!x{[^\n]* SELECT [^\n]* LIMIT [^\n]* LIMIT [^\n]*}\n",0
344,"\n!x{[^\n]* SELECT [^\n]* LIMIT [^\n]* CONSTRUCT [^\n]*}\n",0
345,"\n!x{[^\n]* SELECT [^\n]* LIMIT [^\n]* BIND [^\n]*}\n",0
346,"\n!x{[^\n]* SELECT [^\n]* LIMIT [^\n]* AS [^\n]*}\n",0
347,"\n!x{[^\n]* SELECT [^\n]* LIMIT [^\n]* ASK [^\n]*}\n",0
348,"\n!x{[^\n]* SELECT [^\n]* LIMIT [^\n]* GROUP BY [^\n]*}\n",0
349,"\n!x{[^\n]* SELECT [^\n]* LIMIT [^\n]* ORDER BY [^\n]*}\n",0
350,"\n!x{[^\n]* WHERE [^\n]* GROUP BY [^\n]*}\n",3202
351,"\n!x{[^\n]* WHERE [^\n]* GROUP BY [^\n]* OPTIONAL [^\n]*}\n",0
352,"\n!x{[^\n]* WHERE [^\n]* GROUP BY [^\n]* FILTER [^\n]*}\n",0
353,"\n!x{[^\n]* WHERE [^\n]* GROUP BY [^\n]* WHERE [^\n]*}\n",0
354,"\n!x{[^\n]* WHERE [^\n]* GROUP BY [^\n]* PREFIX [^\n]*}\n",0
355,"\n!x{[^\n]* WHERE [^\n]* GROUP BY [^\n]* SELECT [^\n]*}\n",0
356,"\n!x{[^\n]* WHERE [^\n]* GROUP BY [^\n]* DISTINCT [^\n]*}\n",0
357,"\n!x{[^\n]* WHERE [^\n]* GROUP BY [^\n]* LIMIT [^\n]*}\n",236
358,"\n!x{[^\n]* WHERE [^\n]* GROUP BY [^\n]* CONSTRUCT [^\n]*}\n",0
359,"\n!x{[^\n]* WHERE [^\n]* GROUP BY [^\n]* BIND [^\n]*}\n",0
360,"\n!x{[^\n]* WHERE [^\n]* GROUP BY [^\n]* AS [^\n]*}\n",0
361,"\n!x{[^\n]* WHERE [^\n]* GROUP BY [^\n]* ASK [^\n]*}\n",0
362,"\n!x{[^\n]* WHERE [^\n]* GROUP BY [^\n]* GROUP BY [^\n]*}\n",0
363,"\n!x{[^\n]* WHERE [^\n]* GROUP BY [^\n]* ORDER BY [^\n]*}\n",2354
364,"\n!x{[^\n]* GROUP BY [^\n]*}\n",3202
365,"\n!x{[^\n]* GROUP BY [^\n]* OPTIONAL [^\n]*}\n",0
366,"\n!x{[^\n]* GROUP BY [^\n]* FILTER [^\n]*}\n",0
367,"\n!x{[^\n]* GROUP BY [^\n]* WHERE [^\n]*}\n",0
368,"\n!x{[^\n]* GROUP BY [^\n]* PREFIX [^\n]*}\n",0
369,"\n!x{[^\n]* GROUP BY [^\n]* SELECT [^\n]*}\n",0
370,"\n!x{[^\n]* GROUP BY [^\n]* DISTINCT [^\n]*}\n",0
371,"\n!x{[^\n]* GROUP BY [^\n]* LIMIT [^\n]*}\n",236
372,"\n!x{[^\n]* GROUP BY [^\n]* CONSTRUCT [^\n]*}\n",0
373,"\n!x{[^\n]* GROUP BY [^\n]* BIND [^\n]*}\n",0
374,"\n!x{[^\n]* GROUP BY [^\n]* AS [^\n]*}\n",0
375,"\n!x{[^\n]* GROUP BY [^\n]* ASK [^\n]*}\n",0
376,"\n!x{[^\n]* GROUP BY [^\n]* GROUP BY [^\n]*}\n",0
377,"\n!x{[^\n]* GROUP BY [^\n]* ORDER BY [^\n]*}\n",2354
378,"\n!x{[^\n]* SELECT [^\n]* GROUP BY [^\n]*}\n",3158
379,"\n!x{[^\n]* SELECT [^\n]* GROUP BY [^\n]* OPTIONAL [^\n]*}\n",0
380,"\n!x{[^\n]* SELECT [^\n]* GROUP BY [^\n]* FILTER [^\n]*}\n",0
381,"\n!x{[^\n]* SELECT [^\n]* GROUP BY [^\n]* WHERE [^\n]*}\n",0
382,"\n!x{[^\n]* SELECT [^\n]* GROUP BY [^\n]* PREFIX [^\n]*}\n",0
383,"\n!x{[^\n]* SELECT [^\n]* GROUP BY [^\n]* SELECT [^\n]*}\n",0
384,"\n!x{[^\n]* SELECT [^\n]* GROUP BY [^\n]* DISTINCT [^\n]*}\n",0
385,"\n!x{[^\n]* SELECT [^\n]* GROUP BY [^\n]* LIMIT [^\n]*}\n",192
386,"\n!x{[^\n]* SELECT [^\n]* GROUP BY [^\n]* CONSTRUCT [^\n]*}\n",0
387,"\n!x{[^\n]* SELECT [^\n]* GROUP BY [^\n]* BIND [^\n]*}\n",0
388,"\n!x{[^\n]* SELECT [^\n]* GROUP BY [^\n]* AS [^\n]*}\n",0
389,"\n!x{[^\n]* SELECT [^\n]* GROUP BY [^\n]* ASK [^\n]*}\n",0
390,"\n!x{[^\n]* SELECT [^\n]* GROUP BY [^\n]* GROUP BY [^\n]*}\n",0
391,"\n!x{[^\n]* SELECT [^\n]* GROUP BY [^\n]* ORDER BY [^\n]*}\n",2342
392,"\n!x{[^\n]* AS [^\n]*}\n",3058
393,"\n!x{[^\n]* AS [^\n]* OPTIONAL [^\n]*}\n",0
394,"\n!x{[^\n]* AS [^\n]* FILTER [^\n]*}\n",368
395,"\n!x{[^\n]* AS [^\n]* WHERE [^\n]*}\n",2945
396,"\n!x{[^\n]* AS [^\n]* PREFIX [^\n]*}\n",0
397,"\n!x{[^\n]* AS [^\n]* SELECT [^\n]*}\n",1121
398,"\n!x{[^\n]* AS [^\n]* DISTINCT [^\n]*}\n",0
399,"\n!x{[^\n]* AS [^\n]* LIMIT [^\n]*}\n",1501
400,"\n!x{[^\n]* AS [^\n]* CONSTRUCT [^\n]*}\n",0
401,"\n!x{[^\n]* AS [^\n]* BIND [^\n]*}\n",0
402,"\n!x{[^\n]* AS [^\n]* AS [^\n]*}\n",48
403,"\n!x{[^\n]* AS [^\n]* ASK [^\n]*}\n",0
404,"\n!x{[^\n]* AS [^\n]* GROUP BY [^\n]*}\n",860
405,"\n!x{[^\n]* AS [^\n]* ORDER BY [^\n]*}\n",12
406,"\n!x{[^\n]* AS [^\n]* WHERE [^\n]*}\n",2945
407,"\n!x{[^\n]* AS [^\n]* WHERE [^\n]* OPTIONAL [^\n]*}\n",0
408,"\n!x{[^\n]* AS [^\n]* WHERE [^\n]* FILTER [^\n]*}\n",368
409,"\n!x{[^\n]* AS [^\n]* WHERE [^\n]* WHERE [^\n]*}\n",1121
410,"\n!x{[^\n]* AS [^\n]* WHERE [^\n]* PREFIX [^\n]*}\n",0
411,"\n!x{[^\n]* AS [^\n]* WHERE [^\n]* SELECT [^\n]*}\n",1121
412,"\n!x{[^\n]* AS [^\n]* WHERE [^\n]* DISTINCT [^\n]*}\n",0
413,"\n!x{[^\n]* AS [^\n]* WHERE [^\n]* LIMIT [^\n]*}\n",1453
414,"\n!x{[^\n]* AS [^\n]* WHERE [^\n]* CONSTRUCT [^\n]*}\n",0
415,"\n!x{[^\n]* AS [^\n]* WHERE [^\n]* BIND [^\n]*}\n",0
416,"\n!x{[^\n]* AS [^\n]* WHERE [^\n]* AS [^\n]*}\n",0
417,"\n!x{[^\n]* AS [^\n]* WHERE [^\n]* ASK [^\n]*}\n",0
418,"\n!x{[^\n]* AS [^\n]* WHERE [^\n]* GROUP BY [^\n]*}\n",860
419,"\n!x{[^\n]* AS [^\n]* WHERE [^\n]* ORDER BY [^\n]*}\n",12
420,"\n!x{[^\n]* WHERE [^\n]* ORDER BY [^\n]*}\n",2546
421,"\n!x{[^\n]* WHERE [^\n]* ORDER BY [^\n]* OPTIONAL [^\n]*}\n",0
422,"\n!x{[^\n]* WHERE [^\n]* ORDER BY [^\n]* FILTER [^\n]*}\n",0
423,"\n!x{[^\n]* WHERE [^\n]* ORDER BY [^\n]* WHERE [^\n]*}\n",0
424,"\n!x{[^\n]* WHERE [^\n]* ORDER BY [^\n]* PREFIX [^\n]*}\n",0
425,"\n!x{[^\n]* WHERE [^\n]* ORDER BY [^\n]* SELECT [^\n]*}\n",0
426,"\n!x{[^\n]* WHERE [^\n]* ORDER BY [^\n]* DISTINCT [^\n]*}\n",0
427,"\n!x{[^\n]* WHERE [^\n]* ORDER BY [^\n]* LIMIT [^\n]*}\n",204
428,"\n!x{[^\n]* WHERE [^\n]* ORDER BY [^\n]* CONSTRUCT [^\n]*}\n",0
429,"\n!x{[^\n]* WHERE [^\n]* ORDER BY [^\n]* BIND [^\n]*}\n",0
430,"\n!x{[^\n]* WHERE [^\n]* ORDER BY [^\n]* AS [^\n]*}\n",0
431,"\n!x{[^\n]* WHERE [^\n]* ORDER BY [^\n]* ASK [^\n]*}\n",0
432,"\n!x{[^\n]* WHERE [^\n]* ORDER BY [^\n]* GROUP BY [^\n]*}\n",0
433,"\n!x{[^\n]* WHERE [^\n]* ORDER BY [^\n]* ORDER BY [^\n]*}\n",0
434,"\n!x{[^\n]* ORDER BY [^\n]*}\n",2546
435,"\n!x{[^\n]* ORDER BY [^\n]* OPTIONAL [^\n]*}\n",0
436,"\n!x{[^\n]* ORDER BY [^\n]* FILTER [^\n]*}\n",0
437,"\n!x{[^\n]* ORDER BY [^\n]* WHERE [^\n]*}\n",0
438,"\n!x{[^\n]* ORDER BY [^\n]* PREFIX [^\n]*}\n",0
439,"\n!x{[^\n]* ORDER BY [^\n]* SELECT [^\n]*}\n",0
440,"\n!x{[^\n]* ORDER BY [^\n]* DISTINCT [^\n]*}\n",0
441,"\n!x{[^\n]* ORDER BY [^\n]* LIMIT [^\n]*}\n",204
442,"\n!x{[^\n]* ORDER BY [^\n]* CONSTRUCT [^\n]*}\n",0
443,"\n!x{[^\n]* ORDER BY [^\n]* BIND [^\n]*}\n",0
444,"\n!x{[^\n]* ORDER BY [^\n]* AS [^\n]*}\n",0
445,"\n!x{[^\n]* ORDER BY [^\n]* ASK [^\n]*}\n",0
446,"\n!x{[^\n]* ORDER BY [^\n]* GROUP BY [^\n]*}\n",0
447,"\n!x{[^\n]* ORDER BY [^\n]* ORDER BY [^\n]*}\n",0
448,"\n!x{[^\n]* SELECT [^\n]* ORDER BY [^\n]*}\n",2534
449,"\n!x{[^\n]* SELECT [^\n]* ORDER BY [^\n]* OPTIONAL [^\n]*}\n",0
450,"\n!x{[^\n]* SELECT [^\n]* ORDER BY [^\n]* FILTER [^\n]*}\n",0
451,"\n!x{[^\n]* SELECT [^\n]* ORDER BY [^\n]* WHERE [^\n]*}\n",0
452,"\n!x{[^\n]* SELECT [^\n]* ORDER BY [^\n]* PREFIX [^\n]*}\n",0
453,"\n!x{[^\n]* SELECT [^\n]* ORDER BY [^\n]* SELECT [^\n]*}\n",0
454,"\n!x{[^\n]* SELECT [^\n]* ORDER BY [^\n]* DISTINCT [^\n]*}\n",0
455,"\n!x{[^\n]* SELECT [^\n]* ORDER BY [^\n]* LIMIT [^\n]*}\n",192
456,"\n!x{[^\n]* SELECT [^\n]* ORDER BY [^\n]* CONSTRUCT [^\n]*}\n",0
457,"\n!x{[^\n]* SELECT [^\n]* ORDER BY [^\n]* BIND [^\n]*}\n",0
458,"\n!x{[^\n]* SELECT [^\n]* ORDER BY [^\n]* AS [^\n]*}\n",0
459,"\n!x{[^\n]* SELECT [^\n]* ORDER BY [^\n]* ASK [^\n]*}\n",0
460,"\n!x{[^\n]* SELECT [^\n]* ORDER BY [^\n]* GROUP BY [^\n]*}\n",0
461,"\n!x{[^\n]* SELECT [^\n]* ORDER BY [^\n]* ORDER BY [^\n]*}\n",0
462,"\n!x{[^\n]* PREFIX [^\n]* GROUP BY [^\n]*}\n",2486
463,"\n!x{[^\n]* PREFIX [^\n]* GROUP BY [^\n]* OPTIONAL [^\n]*}\n",0
464,"\n!x{[^\n]* PREFIX [^\n]* GROUP BY [^\n]* FILTER [^\n]*}\n",0
465,"\n!x{[^\n]* PREFIX [^\n]* GROUP BY [^\n]* WHERE [^\n]*}\n",0
466,"\n!x{[^\n]* PREFIX [^\n]* GROUP BY [^\n]* PREFIX [^\n]*}\n",0
467,"\n!x{[^\n]* PREFIX [^\n]* GROUP BY [^\n]* SELECT [^\n]*}\n",0
468,"\n!x{[^\n]* PREFIX [^\n]* GROUP BY [^\n]* DISTINCT [^\n]*}\n",0
469,"\n!x{[^\n]* PREFIX [^\n]* GROUP BY [^\n]* LIMIT [^\n]*}\n",48
470,"\n!x{[^\n]* PREFIX [^\n]* GROUP BY [^\n]* CONSTRUCT [^\n]*}\n",0
471,"\n!x{[^\n]* PREFIX [^\n]* GROUP BY [^\n]* BIND [^\n]*}\n",0
472,"\n!x{[^\n]* PREFIX [^\n]* GROUP BY [^\n]* AS [^\n]*}\n",0
473,"\n!x{[^\n]* PREFIX [^\n]* GROUP BY [^\n]* ASK [^\n]*}\n",0
474,"\n!x{[^\n]* PREFIX [^\n]* GROUP BY [^\n]* GROUP BY [^\n]*}\n",0
475,"\n!x{[^\n]* PREFIX [^\n]* GROUP BY [^\n]* ORDER BY [^\n]*}\n",2342
476,"\n!x{[^\n]* GROUP BY [^\n]* ORDER BY [^\n]*}\n",2354
477,"\n!x{[^\n]* GROUP BY [^\n]* ORDER BY [^\n]* OPTIONAL [^\n]*}\n",0
478,"\n!x{[^\n]* GROUP BY [^\n]* ORDER BY [^\n]* FILTER [^\n]*}\n",0
479,"\n!x{[^\n]* GROUP BY [^\n]* ORDER BY [^\n]* WHERE [^\n]*}\n",0
480,"\n!x{[^\n]* GROUP BY [^\n]* ORDER BY [^\n]* PREFIX [^\n]*}\n",0
481,"\n!x{[^\n]* GROUP BY [^\n]* ORDER BY [^\n]* SELECT [^\n]*}\n",0
482,"\n!x{[^\n]* GROUP BY [^\n]* ORDER BY [^\n]* DISTINCT [^\n]*}\n",0
483,"\n!x{[^\n]* GROUP BY [^\n]* ORDER BY [^\n]* LIMIT [^\n]*}\n",12
484,"\n!x{[^\n]* GROUP BY [^\n]* ORDER BY [^\n]* CONSTRUCT [^\n]*}\n",0
485,"\n!x{[^\n]* GROUP BY [^\n]* ORDER BY [^\n]* BIND [^\n]*}\n",0
486,"\n!x{[^\n]* GROUP BY [^\n]* ORDER BY [^\n]* AS [^\n]*}\n",0
487,"\n!x{[^\n]* GROUP BY [^\n]* ORDER BY [^\n]* ASK [^\n]*}\n",0
488,"\n!x{[^\n]* GROUP BY [^\n]* ORDER BY [^\n]* GROUP BY [^\n]*}\n",0
489,"\n!x{[^\n]* GROUP BY [^\n]* ORDER BY [^\n]* ORDER BY [^\n]*}\n",0
490,"\n!x{[^\n]* PREFIX [^\n]* ORDER BY [^\n]*}\n",2342
491,"\n!x{[^\n]* PREFIX [^\n]* ORDER BY [^\n]* OPTIONAL [^\n]*}\n",0
492,"\n!x{[^\n]* PREFIX [^\n]* ORDER BY [^\n]* FILTER [^\n]*}\n",0
493,"\n!x{[^\n]* PREFIX [^\n]* ORDER BY [^\n]* WHERE [^\n]*}\n",0
494,"\n!x{[^\n]* PREFIX [^\n]* ORDER BY [^\n]* PREFIX [^\n]*}\n",0
495,"\n!x{[^\n]* PREFIX [^\n]* ORDER BY [^\n]* SELECT [^\n]*}\n",0
496,"\n!x{[^\n]* PREFIX [^\n]* ORDER BY [^\n]* DISTINCT [^\n]*}\n",0
497,"\n!x{[^\n]* PREFIX [^\n]* ORDER BY [^\n]* LIMIT [^\n]*}\n",0
498,"\n!x{[^\n]* PREFIX [^\n]* ORDER BY [^\n]* CONSTRUCT [^\n]*}\n",0
499,"\n!x{[^\n]* PREFIX [^\n]* ORDER BY [^\n]* BIND [^\n]*}\n",0
500,"\n!x{[^\n]* PREFIX [^\n]* ORDER BY [^\n]* AS [^\n]*}\n",0
501,"\n!x{[^\n]* PREFIX [^\n]* ORDER BY [^\n]* ASK [^\n]*}\n",0
502,"\n!x{[^\n]* PREFIX [^\n]* ORDER BY [^\n]* GROUP BY [^\n]*}\n",0
503,"\n!x{[^\n]* PREFIX [^\n]* ORDER BY [^\n]* ORDER BY [^\n]*}\n",0
504,"\n!x{[^\n]* DISTINCT [^\n]* GROUP BY [^\n]*}\n",2342
505,"\n!x{[^\n]* DISTINCT [^\n]* GROUP BY [^\n]* OPTIONAL [^\n]*}\n",0
506,"\n!x{[^\n]* DISTINCT [^\n]* GROUP BY [^\n]* FILTER [^\n]*}\n",0
507,"\n!x{[^\n]* DISTINCT [^\n]* GROUP BY [^\n]* WHERE [^\n]*}\n",0
508,"\n!x{[^\n]* DISTINCT [^\n]* GROUP BY [^\n]* PREFIX [^\n]*}\n",0
509,"\n!x{[^\n]* DISTINCT [^\n]* GROUP BY [^\n]* SELECT [^\n]*}\n",0
510,"\n!x{[^\n]* DISTINCT [^\n]* GROUP BY [^\n]* DISTINCT [^\n]*}\n",0
511,"\n!x{[^\n]* DISTINCT [^\n]* GROUP BY [^\n]* LIMIT [^\n]*}\n",0
512,"\n!x{[^\n]* DISTINCT [^\n]* GROUP BY [^\n]* CONSTRUCT [^\n]*}\n",0
513,"\n!x{[^\n]* DISTINCT [^\n]* GROUP BY [^\n]* BIND [^\n]*}\n",0
514,"\n!x{[^\n]* DISTINCT [^\n]* GROUP BY [^\n]* AS [^\n]*}\n",0
515,"\n!x{[^\n]* DISTINCT [^\n]* GROUP BY [^\n]* ASK [^\n]*}\n",0
516,"\n!x{[^\n]* DISTINCT [^\n]* GROUP BY [^\n]* GROUP BY [^\n]*}\n",0
517,"\n!x{[^\n]* DISTINCT [^\n]* GROUP BY [^\n]* ORDER BY [^\n]*}\n",2342
518,"\n!x{[^\n]* DISTINCT [^\n]* ORDER BY [^\n]*}\n",2342
519,"\n!x{[^\n]* DISTINCT [^\n]* ORDER BY [^\n]* OPTIONAL [^\n]*}\n",0
520,"\n!x{[^\n]* DISTINCT [^\n]* ORDER BY [^\n]* FILTER [^\n]*}\n",0
521,"\n!x{[^\n]* DISTINCT [^\n]* ORDER BY [^\n]* WHERE [^\n]*}\n",0
522,"\n!x{[^\n]* DISTINCT [^\n]* ORDER BY [^\n]* PREFIX [^\n]*}\n",0
523,"\n!x{[^\n]* DISTINCT [^\n]* ORDER BY [^\n]* SELECT [^\n]*}\n",0
524,"\n!x{[^\n]* DISTINCT [^\n]* ORDER BY [^\n]* DISTINCT [^\n]*}\n",0
525,"\n!x{[^\n]* DISTINCT [^\n]* ORDER BY [^\n]* LIMIT [^\n]*}\n",0
526,"\n!x{[^\n]* DISTINCT [^\n]* ORDER BY [^\n]* CONSTRUCT [^\n]*}\n",0
527,"\n!x{[^\n]* DISTINCT [^\n]* ORDER BY [^\n]* BIND [^\n]*}\n",0
528,"\n!x{[^\n]* DISTINCT [^\n]* ORDER BY [^\n]* AS [^\n]*}\n",0
529,"\n!x{[^\n]* DISTINCT [^\n]* ORDER BY [^\n]* ASK [^\n]*}\n",0
530,"\n!x{[^\n]* DISTINCT [^\n]* ORDER BY [^\n]* GROUP BY [^\n]*}\n",0
531,"\n!x{[^\n]* DISTINCT [^\n]* ORDER BY [^\n]* ORDER BY [^\n]*}\n",0
532,"\n!x{[^\n]* OPTIONAL [^\n]* GROUP BY [^\n]*}\n",2342
533,"\n!x{[^\n]* OPTIONAL [^\n]* GROUP BY [^\n]* OPTIONAL [^\n]*}\n",0
534,"\n!x{[^\n]* OPTIONAL [^\n]* GROUP BY [^\n]* FILTER [^\n]*}\n",0
535,"\n!x{[^\n]* OPTIONAL [^\n]* GROUP BY [^\n]* WHERE [^\n]*}\n",0
536,"\n!x{[^\n]* OPTIONAL [^\n]* GROUP BY [^\n]* PREFIX [^\n]*}\n",0
537,"\n!x{[^\n]* OPTIONAL [^\n]* GROUP BY [^\n]* SELECT [^\n]*}\n",0
538,"\n!x{[^\n]* OPTIONAL [^\n]* GROUP BY [^\n]* DISTINCT [^\n]*}\n",0
539,"\n!x{[^\n]* OPTIONAL [^\n]* GROUP BY [^\n]* LIMIT [^\n]*}\n",0
540,"\n!x{[^\n]* OPTIONAL [^\n]* GROUP BY [^\n]* CONSTRUCT [^\n]*}\n",0
541,"\n!x{[^\n]* OPTIONAL [^\n]* GROUP BY [^\n]* BIND [^\n]*}\n",0
542,"\n!x{[^\n]* OPTIONAL [^\n]* GROUP BY [^\n]* AS [^\n]*}\n",0
543,"\n!x{[^\n]* OPTIONAL [^\n]* GROUP BY [^\n]* ASK [^\n]*}\n",0
544,"\n!x{[^\n]* OPTIONAL [^\n]* GROUP BY [^\n]* GROUP BY [^\n]*}\n",0
545,"\n!x{[^\n]* OPTIONAL [^\n]* GROUP BY [^\n]* ORDER BY [^\n]*}\n",2342
546,"\n!x{[^\n]* OPTIONAL [^\n]* ORDER BY [^\n]*}\n",2342
547,"\n!x{[^\n]* OPTIONAL [^\n]* ORDER BY [^\n]* OPTIONAL [^\n]*}\n",0
548,"\n!x{[^\n]* OPTIONAL [^\n]* ORDER BY [^\n]* FILTER [^\n]*}\n",0
549,"\n!x{[^\n]* OPTIONAL [^\n]* ORDER BY [^\n]* WHERE [^\n]*}\n",0
550,"\n!x{[^\n]* OPTIONAL [^\n]* ORDER BY [^\n]* PREFIX [^\n]*}\n",0
551,"\n!x{[^\n]* OPTIONAL [^\n]* ORDER BY [^\n]* SELECT [^\n]*}\n",0
552,"\n!x{[^\n]* OPTIONAL [^\n]* ORDER BY [^\n]* DISTINCT [^\n]*}\n",0
553,"\n!x{[^\n]* OPTIONAL [^\n]* ORDER BY [^\n]* LIMIT [^\n]*}\n",0
554,"\n!x{[^\n]* OPTIONAL [^\n]* ORDER BY [^\n]* CONSTRUCT [^\n]*}\n",0
555,"\n!x{[^\n]* OPTIONAL [^\n]* ORDER BY [^\n]* BIND [^\n]*}\n",0
556,"\n!x{[^\n]* OPTIONAL [^\n]* ORDER BY [^\n]* AS [^\n]*}\n",0
557,"\n!x{[^\n]* OPTIONAL [^\n]* ORDER BY [^\n]* ASK [^\n]*}\n",0
558,"\n!x{[^\n]* OPTIONAL [^\n]* ORDER BY [^\n]* GROUP BY [^\n]*}\n",0
559,"\n!x{[^\n]* OPTIONAL [^\n]* ORDER BY [^\n]* ORDER BY [^\n]*}\n",0
560,"\n!x{[^\n]* WHERE [^\n]* WHERE [^\n]*}\n",2225
561,"\n!x{[^\n]* WHERE [^\n]* WHERE [^\n]* OPTIONAL [^\n]*}\n",0
562,"\n!x{[^\n]* WHERE [^\n]* WHERE [^\n]* FILTER [^\n]*}\n",336
563,"\n!x{[^\n]* WHERE [^\n]* WHERE [^\n]* WHERE [^\n]*}\n",0
564,"\n!x{[^\n]* WHERE [^\n]* WHERE [^\n]* PREFIX [^\n]*}\n",0
565,"\n!x{[^\n]* WHERE [^\n]* WHERE [^\n]* SELECT [^\n]*}\n",0
566,"\n!x{[^\n]* WHERE [^\n]* WHERE [^\n]* DISTINCT [^\n]*}\n",0
567,"\n!x{[^\n]* WHERE [^\n]* WHERE [^\n]* LIMIT [^\n]*}\n",1217
568,"\n!x{[^\n]* WHERE [^\n]* WHERE [^\n]* CONSTRUCT [^\n]*}\n",0
569,"\n!x{[^\n]* WHERE [^\n]* WHERE [^\n]* BIND [^\n]*}\n",0
570,"\n!x{[^\n]* WHERE [^\n]* WHERE [^\n]* AS [^\n]*}\n",0
571,"\n!x{[^\n]* WHERE [^\n]* WHERE [^\n]* ASK [^\n]*}\n",0
572,"\n!x{[^\n]* WHERE [^\n]* WHERE [^\n]* GROUP BY [^\n]*}\n",624
573,"\n!x{[^\n]* WHERE [^\n]* WHERE [^\n]* ORDER BY [^\n]*}\n",0
574,"\n!x{[^\n]* WHERE [^\n]* SELECT [^\n]*}\n",2225
575,"\n!x{[^\n]* WHERE [^\n]* SELECT [^\n]* OPTIONAL [^\n]*}\n",0
576,"\n!x{[^\n]* WHERE [^\n]* SELECT [^\n]* FILTER [^\n]*}\n",336
577,"\n!x{[^\n]* WHERE [^\n]* SELECT [^\n]* WHERE [^\n]*}\n",2225
578,"\n!x{[^\n]* WHERE [^\n]* SELECT [^\n]* PREFIX [^\n]*}\n",0
579,"\n!x{[^\n]* WHERE [^\n]* SELECT [^\n]* SELECT [^\n]*}\n",0
580,"\n!x{[^\n]* WHERE [^\n]* SELECT [^\n]* DISTINCT [^\n]*}\n",0
581,"\n!x{[^\n]* WHERE [^\n]* SELECT [^\n]* LIMIT [^\n]*}\n",1217
582,"\n!x{[^\n]* WHERE [^\n]* SELECT [^\n]* CONSTRUCT [^\n]*}\n",0
583,"\n!x{[^\n]* WHERE [^\n]* SELECT [^\n]* BIND [^\n]*}\n",0
584,"\n!x{[^\n]* WHERE [^\n]* SELECT [^\n]* AS [^\n]*}\n",1008
585,"\n!x{[^\n]* WHERE [^\n]* SELECT [^\n]* ASK [^\n]*}\n",0
586,"\n!x{[^\n]* WHERE [^\n]* SELECT [^\n]* GROUP BY [^\n]*}\n",624
587,"\n!x{[^\n]* WHERE [^\n]* SELECT [^\n]* ORDER BY [^\n]*}\n",0
588,"\n!x{[^\n]* CONSTRUCT [^\n]* WHERE [^\n]*}\n",1911
589,"\n!x{[^\n]* CONSTRUCT [^\n]* WHERE [^\n]* OPTIONAL [^\n]*}\n",231
590,"\n!x{[^\n]* CONSTRUCT [^\n]* WHERE [^\n]* FILTER [^\n]*}\n",337
591,"\n!x{[^\n]* CONSTRUCT [^\n]* WHERE [^\n]* WHERE [^\n]*}\n",1008
592,"\n!x{[^\n]* CONSTRUCT [^\n]* WHERE [^\n]* PREFIX [^\n]*}\n",0
593,"\n!x{[^\n]* CONSTRUCT [^\n]* WHERE [^\n]* SELECT [^\n]*}\n",1008
594,"\n!x{[^\n]* CONSTRUCT [^\n]* WHERE [^\n]* DISTINCT [^\n]*}\n",0
595,"\n!x{[^\n]* CONSTRUCT [^\n]* WHERE [^\n]* LIMIT [^\n]*}\n",838
596,"\n!x{[^\n]* CONSTRUCT [^\n]* WHERE [^\n]* CONSTRUCT [^\n]*}\n",0
597,"\n!x{[^\n]* CONSTRUCT [^\n]* WHERE [^\n]* BIND [^\n]*}\n",0
598,"\n!x{[^\n]* CONSTRUCT [^\n]* WHERE [^\n]* AS [^\n]*}\n",1073
599,"\n!x{[^\n]* CONSTRUCT [^\n]* WHERE [^\n]* ASK [^\n]*}\n",0
600,"\n!x{[^\n]* CONSTRUCT [^\n]* WHERE [^\n]* GROUP BY [^\n]*}\n",624
601,"\n!x{[^\n]* CONSTRUCT [^\n]* WHERE [^\n]* ORDER BY [^\n]*}\n",0
602,"\n!x{[^\n]* CONSTRUCT [^\n]*}\n",1911
603,"\n!x{[^\n]* CONSTRUCT [^\n]* OPTIONAL [^\n]*}\n",231
604,"\n!x{[^\n]* CONSTRUCT [^\n]* FILTER [^\n]*}\n",337
605,"\n!x{[^\n]* CONSTRUCT [^\n]* WHERE [^\n]*}\n",1911
606,"\n!x{[^\n]* CONSTRUCT [^\n]* PREFIX [^\n]*}\n",0
607,"\n!x{[^\n]* CONSTRUCT [^\n]* SELECT [^\n]*}\n",1008
608,"\n!x{[^\n]* CONSTRUCT [^\n]* DISTINCT [^\n]*}\n",0
609,"\n!x{[^\n]* CONSTRUCT [^\n]* LIMIT [^\n]*}\n",838
610,"\n!x{[^\n]* CONSTRUCT [^\n]* CONSTRUCT [^\n]*}\n",0
611,"\n!x{[^\n]* CONSTRUCT [^\n]* BIND [^\n]*}\n",0
612,"\n!x{[^\n]* CONSTRUCT [^\n]* AS [^\n]*}\n",1073
613,"\n!x{[^\n]* CONSTRUCT [^\n]* ASK [^\n]*}\n",0
614,"\n!x{[^\n]* CONSTRUCT [^\n]* GROUP BY [^\n]*}\n",624
615,"\n!x{[^\n]* CONSTRUCT [^\n]* ORDER BY [^\n]*}\n",0
616,"\n!x{[^\n]* AS [^\n]* LIMIT [^\n]*}\n",1501
617,"\n!x{[^\n]* AS [^\n]* LIMIT [^\n]* OPTIONAL [^\n]*}\n",0
618,"\n!x{[^\n]* AS [^\n]* LIMIT [^\n]* FILTER [^\n]*}\n",0
619,"\n!x{[^\n]* AS [^\n]* LIMIT [^\n]* WHERE [^\n]*}\n",0
620,"\n!x{[^\n]* AS [^\n]* LIMIT [^\n]* PREFIX [^\n]*}\n",0
621,"\n!x{[^\n]* AS [^\n]* LIMIT [^\n]* SELECT [^\n]*}\n",0
622,"\n!x{[^\n]* AS [^\n]* LIMIT [^\n]* DISTINCT [^\n]*}\n",0
623,"\n!x{[^\n]* AS [^\n]* LIMIT [^\n]* LIMIT [^\n]*}\n",0
624,"\n!x{[^\n]* AS [^\n]* LIMIT [^\n]* CONSTRUCT [^\n]*}\n",0
625,"\n!x{[^\n]* AS [^\n]* LIMIT [^\n]* BIND [^\n]*}\n",0
626,"\n!x{[^\n]* AS [^\n]* LIMIT [^\n]* AS [^\n]*}\n",0
627,"\n!x{[^\n]* AS [^\n]* LIMIT [^\n]* ASK [^\n]*}\n",0
628,"\n!x{[^\n]* AS [^\n]* LIMIT [^\n]* GROUP BY [^\n]*}\n",0
629,"\n!x{[^\n]* AS [^\n]* LIMIT [^\n]* ORDER BY [^\n]*}\n",0
630,"\n!x{[^\n]* SELECT [^\n]* AS [^\n]*}\n",1444
631,"\n!x{[^\n]* SELECT [^\n]* AS [^\n]* OPTIONAL [^\n]*}\n",0
632,"\n!x{[^\n]* SELECT [^\n]* AS [^\n]* FILTER [^\n]*}\n",336
633,"\n!x{[^\n]* SELECT [^\n]* AS [^\n]* WHERE [^\n]*}\n",1396
634,"\n!x{[^\n]* SELECT [^\n]* AS [^\n]* PREFIX [^\n]*}\n",0
635,"\n!x{[^\n]* SELECT [^\n]* AS [^\n]* SELECT [^\n]*}\n",0
636,"\n!x{[^\n]* SELECT [^\n]* AS [^\n]* DISTINCT [^\n]*}\n",0
637,"\n!x{[^\n]* SELECT [^\n]* AS [^\n]* LIMIT [^\n]*}\n",336
638,"\n!x{[^\n]* SELECT [^\n]* AS [^\n]* CONSTRUCT [^\n]*}\n",0
639,"\n!x{[^\n]* SELECT [^\n]* AS [^\n]* BIND [^\n]*}\n",0
640,"\n!x{[^\n]* SELECT [^\n]* AS [^\n]* AS [^\n]*}\n",0
641,"\n!x{[^\n]* SELECT [^\n]* AS [^\n]* ASK [^\n]*}\n",0
642,"\n!x{[^\n]* SELECT [^\n]* AS [^\n]* GROUP BY [^\n]*}\n",816
643,"\n!x{[^\n]* SELECT [^\n]* AS [^\n]* ORDER BY [^\n]*}\n",0
644,"\n!x{[^\n]* FILTER [^\n]* LIMIT [^\n]*}\n",1347
645,"\n!x{[^\n]* FILTER [^\n]* LIMIT [^\n]* OPTIONAL [^\n]*}\n",0
646,"\n!x{[^\n]* FILTER [^\n]* LIMIT [^\n]* FILTER [^\n]*}\n",0
647,"\n!x{[^\n]* FILTER [^\n]* LIMIT [^\n]* WHERE [^\n]*}\n",0
648,"\n!x{[^\n]* FILTER [^\n]* LIMIT [^\n]* PREFIX [^\n]*}\n",0
649,"\n!x{[^\n]* FILTER [^\n]* LIMIT [^\n]* SELECT [^\n]*}\n",0
650,"\n!x{[^\n]* FILTER [^\n]* LIMIT [^\n]* DISTINCT [^\n]*}\n",0
651,"\n!x{[^\n]* FILTER [^\n]* LIMIT [^\n]* LIMIT [^\n]*}\n",0
652,"\n!x{[^\n]* FILTER [^\n]* LIMIT [^\n]* CONSTRUCT [^\n]*}\n",0
653,"\n!x{[^\n]* FILTER [^\n]* LIMIT [^\n]* BIND [^\n]*}\n",0
654,"\n!x{[^\n]* FILTER [^\n]* LIMIT [^\n]* AS [^\n]*}\n",0
655,"\n!x{[^\n]* FILTER [^\n]* LIMIT [^\n]* ASK [^\n]*}\n",0
656,"\n!x{[^\n]* FILTER [^\n]* LIMIT [^\n]* GROUP BY [^\n]*}\n",0
657,"\n!x{[^\n]* FILTER [^\n]* LIMIT [^\n]* ORDER BY [^\n]*}\n",0
658,"\n!x{[^\n]* OPTIONAL [^\n]* LIMIT [^\n]*}\n",1197
659,"\n!x{[^\n]* OPTIONAL [^\n]* LIMIT [^\n]* OPTIONAL [^\n]*}\n",0
660,"\n!x{[^\n]* OPTIONAL [^\n]* LIMIT [^\n]* FILTER [^\n]*}\n",0
661,"\n!x{[^\n]* OPTIONAL [^\n]* LIMIT [^\n]* WHERE [^\n]*}\n",0
662,"\n!x{[^\n]* OPTIONAL [^\n]* LIMIT [^\n]* PREFIX [^\n]*}\n",0
663,"\n!x{[^\n]* OPTIONAL [^\n]* LIMIT [^\n]* SELECT [^\n]*}\n",0
664,"\n!x{[^\n]* OPTIONAL [^\n]* LIMIT [^\n]* DISTINCT [^\n]*}\n",0
665,"\n!x{[^\n]* OPTIONAL [^\n]* LIMIT [^\n]* LIMIT [^\n]*}\n",0
666,"\n!x{[^\n]* OPTIONAL [^\n]* LIMIT [^\n]* CONSTRUCT [^\n]*}\n",0
667,"\n!x{[^\n]* OPTIONAL [^\n]* LIMIT [^\n]* BIND [^\n]*}\n",0
668,"\n!x{[^\n]* OPTIONAL [^\n]* LIMIT [^\n]* AS [^\n]*}\n",0
669,"\n!x{[^\n]* OPTIONAL [^\n]* LIMIT [^\n]* ASK [^\n]*}\n",0
670,"\n!x{[^\n]* OPTIONAL [^\n]* LIMIT [^\n]* GROUP BY [^\n]*}\n",0
671,"\n!x{[^\n]* OPTIONAL [^\n]* LIMIT [^\n]* ORDER BY [^\n]*}\n",0
672,"\n!x{[^\n]* WHERE [^\n]* AS [^\n]*}\n",1121
673,"\n!x{[^\n]* WHERE [^\n]* AS [^\n]* OPTIONAL [^\n]*}\n",0
674,"\n!x{[^\n]* WHERE [^\n]* AS [^\n]* FILTER [^\n]*}\n",336
675,"\n!x{[^\n]* WHERE [^\n]* AS [^\n]* WHERE [^\n]*}\n",1008
676,"\n!x{[^\n]* WHERE [^\n]* AS [^\n]* PREFIX [^\n]*}\n",0
677,"\n!x{[^\n]* WHERE [^\n]* AS [^\n]* SELECT [^\n]*}\n",0
678,"\n!x{[^\n]* WHERE [^\n]* AS [^\n]* DISTINCT [^\n]*}\n",0
679,"\n!x{[^\n]* WHERE [^\n]* AS [^\n]* LIMIT [^\n]*}\n",48
680,"\n!x{[^\n]* WHERE [^\n]* AS [^\n]* CONSTRUCT [^\n]*}\n",0
681,"\n!x{[^\n]* WHERE [^\n]* AS [^\n]* BIND [^\n]*}\n",0
682,"\n!x{[^\n]* WHERE [^\n]* AS [^\n]* AS [^\n]*}\n",48
683,"\n!x{[^\n]* WHERE [^\n]* AS [^\n]* ASK [^\n]*}\n",0
684,"\n!x{[^\n]* WHERE [^\n]* AS [^\n]* GROUP BY [^\n]*}\n",624
685,"\n!x{[^\n]* WHERE [^\n]* AS [^\n]* ORDER BY [^\n]*}\n",0
686,"\n!x{[^\n]* AS [^\n]* SELECT [^\n]*}\n",1121
687,"\n!x{[^\n]* AS [^\n]* SELECT [^\n]* OPTIONAL [^\n]*}\n",0
688,"\n!x{[^\n]* AS [^\n]* SELECT [^\n]* FILTER [^\n]*}\n",0
689,"\n!x{[^\n]* AS [^\n]* SELECT [^\n]* WHERE [^\n]*}\n",1121
690,"\n!x{[^\n]* AS [^\n]* SELECT [^\n]* PREFIX [^\n]*}\n",0
691,"\n!x{[^\n]* AS [^\n]* SELECT [^\n]* SELECT [^\n]*}\n",0
692,"\n!x{[^\n]* AS [^\n]* SELECT [^\n]* DISTINCT [^\n]*}\n",0
693,"\n!x{[^\n]* AS [^\n]* SELECT [^\n]* LIMIT [^\n]*}\n",1121
694,"\n!x{[^\n]* AS [^\n]* SELECT [^\n]* CONSTRUCT [^\n]*}\n",0
695,"\n!x{[^\n]* AS [^\n]* SELECT [^\n]* BIND [^\n]*}\n",0
696,"\n!x{[^\n]* AS [^\n]* SELECT [^\n]* AS [^\n]*}\n",0
697,"\n!x{[^\n]* AS [^\n]* SELECT [^\n]* ASK [^\n]*}\n",0
698,"\n!x{[^\n]* AS [^\n]* SELECT [^\n]* GROUP BY [^\n]*}\n",0
699,"\n!x{[^\n]* AS [^\n]* SELECT [^\n]* ORDER BY [^\n]*}\n",0
700,"\n!x{[^\n]* PREFIX [^\n]* LIMIT [^\n]*}\n",1119
701,"\n!x{[^\n]* PREFIX [^\n]* LIMIT [^\n]* OPTIONAL [^\n]*}\n",0
702,"\n!x{[^\n]* PREFIX [^\n]* LIMIT [^\n]* FILTER [^\n]*}\n",0
703,"\n!x{[^\n]* PREFIX [^\n]* LIMIT [^\n]* WHERE [^\n]*}\n",0
704,"\n!x{[^\n]* PREFIX [^\n]* LIMIT [^\n]* PREFIX [^\n]*}\n",0
705,"\n!x{[^\n]* PREFIX [^\n]* LIMIT [^\n]* SELECT [^\n]*}\n",0
706,"\n!x{[^\n]* PREFIX [^\n]* LIMIT [^\n]* DISTINCT [^\n]*}\n",0
707,"\n!x{[^\n]* PREFIX [^\n]* LIMIT [^\n]* LIMIT [^\n]*}\n",0
708,"\n!x{[^\n]* PREFIX [^\n]* LIMIT [^\n]* CONSTRUCT [^\n]*}\n",0
709,"\n!x{[^\n]* PREFIX [^\n]* LIMIT [^\n]* BIND [^\n]*}\n",0
710,"\n!x{[^\n]* PREFIX [^\n]* LIMIT [^\n]* AS [^\n]*}\n",0
711,"\n!x{[^\n]* PREFIX [^\n]* LIMIT [^\n]* ASK [^\n]*}\n",0
712,"\n!x{[^\n]* PREFIX [^\n]* LIMIT [^\n]* GROUP BY [^\n]*}\n",0
713,"\n!x{[^\n]* PREFIX [^\n]* LIMIT [^\n]* ORDER BY [^\n]*}\n",0
714,"\n!x{[^\n]* CONSTRUCT [^\n]* AS [^\n]*}\n",1073
715,"\n!x{[^\n]* CONSTRUCT [^\n]* AS [^\n]* OPTIONAL [^\n]*}\n",0
716,"\n!x{[^\n]* CONSTRUCT [^\n]* AS [^\n]* FILTER [^\n]*}\n",336
717,"\n!x{[^\n]* CONSTRUCT [^\n]* AS [^\n]* WHERE [^\n]*}\n",1008
718,"\n!x{[^\n]* CONSTRUCT [^\n]* AS [^\n]* PREFIX [^\n]*}\n",0
719,"\n!x{[^\n]* CONSTRUCT [^\n]* AS [^\n]* SELECT [^\n]*}\n",0
720,"\n!x{[^\n]* CONSTRUCT [^\n]* AS [^\n]* DISTINCT [^\n]*}\n",0
721,"\n!x{[^\n]* CONSTRUCT [^\n]* AS [^\n]* LIMIT [^\n]*}\n",0
722,"\n!x{[^\n]* CONSTRUCT [^\n]* AS [^\n]* CONSTRUCT [^\n]*}\n",0
723,"\n!x{[^\n]* CONSTRUCT [^\n]* AS [^\n]* BIND [^\n]*}\n",0
724,"\n!x{[^\n]* CONSTRUCT [^\n]* AS [^\n]* AS [^\n]*}\n",48
725,"\n!x{[^\n]* CONSTRUCT [^\n]* AS [^\n]* ASK [^\n]*}\n",0
726,"\n!x{[^\n]* CONSTRUCT [^\n]* AS [^\n]* GROUP BY [^\n]*}\n",624
727,"\n!x{[^\n]* CONSTRUCT [^\n]* AS [^\n]* ORDER BY [^\n]*}\n",0
728,"\n!x{[^\n]* DISTINCT [^\n]* LIMIT [^\n]*}\n",1009
729,"\n!x{[^\n]* DISTINCT [^\n]* LIMIT [^\n]* OPTIONAL [^\n]*}\n",0
730,"\n!x{[^\n]* DISTINCT [^\n]* LIMIT [^\n]* FILTER [^\n]*}\n",0
731,"\n!x{[^\n]* DISTINCT [^\n]* LIMIT [^\n]* WHERE [^\n]*}\n",0
732,"\n!x{[^\n]* DISTINCT [^\n]* LIMIT [^\n]* PREFIX [^\n]*}\n",0
733,"\n!x{[^\n]* DISTINCT [^\n]* LIMIT [^\n]* SELECT [^\n]*}\n",0
734,"\n!x{[^\n]* DISTINCT [^\n]* LIMIT [^\n]* DISTINCT [^\n]*}\n",0
735,"\n!x{[^\n]* DISTINCT [^\n]* LIMIT [^\n]* LIMIT [^\n]*}\n",0
736,"\n!x{[^\n]* DISTINCT [^\n]* LIMIT [^\n]* CONSTRUCT [^\n]*}\n",0
737,"\n!x{[^\n]* DISTINCT [^\n]* LIMIT [^\n]* BIND [^\n]*}\n",0
738,"\n!x{[^\n]* DISTINCT [^\n]* LIMIT [^\n]* AS [^\n]*}\n",0
739,"\n!x{[^\n]* DISTINCT [^\n]* LIMIT [^\n]* ASK [^\n]*}\n",0
740,"\n!x{[^\n]* DISTINCT [^\n]* LIMIT [^\n]* GROUP BY [^\n]*}\n",0
741,"\n!x{[^\n]* DISTINCT [^\n]* LIMIT [^\n]* ORDER BY [^\n]*}\n",0
742,"\n!x{[^\n]* CONSTRUCT [^\n]* SELECT [^\n]*}\n",1008
743,"\n!x{[^\n]* CONSTRUCT [^\n]* SELECT [^\n]* OPTIONAL [^\n]*}\n",0
744,"\n!x{[^\n]* CONSTRUCT [^\n]* SELECT [^\n]* FILTER [^\n]*}\n",336
745,"\n!x{[^\n]* CONSTRUCT [^\n]* SELECT [^\n]* WHERE [^\n]*}\n",1008
746,"\n!x{[^\n]* CONSTRUCT [^\n]* SELECT [^\n]* PREFIX [^\n]*}\n",0
747,"\n!x{[^\n]* CONSTRUCT [^\n]* SELECT [^\n]* SELECT [^\n]*}\n",0
748,"\n!x{[^\n]* CONSTRUCT [^\n]* SELECT [^\n]* DISTINCT [^\n]*}\n",0
749,"\n!x{[^\n]* CONSTRUCT [^\n]* SELECT [^\n]* LIMIT [^\n]*}\n",0
750,"\n!x{[^\n]* CONSTRUCT [^\n]* SELECT [^\n]* CONSTRUCT [^\n]*}\n",0
751,"\n!x{[^\n]* CONSTRUCT [^\n]* SELECT [^\n]* BIND [^\n]*}\n",0
752,"\n!x{[^\n]* CONSTRUCT [^\n]* SELECT [^\n]* AS [^\n]*}\n",1008
753,"\n!x{[^\n]* CONSTRUCT [^\n]* SELECT [^\n]* ASK [^\n]*}\n",0
754,"\n!x{[^\n]* CONSTRUCT [^\n]* SELECT [^\n]* GROUP BY [^\n]*}\n",624
755,"\n!x{[^\n]* CONSTRUCT [^\n]* SELECT [^\n]* ORDER BY [^\n]*}\n",0
756,"\n!x{[^\n]* AS [^\n]* GROUP BY [^\n]*}\n",860
757,"\n!x{[^\n]* AS [^\n]* GROUP BY [^\n]* OPTIONAL [^\n]*}\n",0
758,"\n!x{[^\n]* AS [^\n]* GROUP BY [^\n]* FILTER [^\n]*}\n",0
759,"\n!x{[^\n]* AS [^\n]* GROUP BY [^\n]* WHERE [^\n]*}\n",0
760,"\n!x{[^\n]* AS [^\n]* GROUP BY [^\n]* PREFIX [^\n]*}\n",0
761,"\n!x{[^\n]* AS [^\n]* GROUP BY [^\n]* SELECT [^\n]*}\n",0
762,"\n!x{[^\n]* AS [^\n]* GROUP BY [^\n]* DISTINCT [^\n]*}\n",0
763,"\n!x{[^\n]* AS [^\n]* GROUP BY [^\n]* LIMIT [^\n]*}\n",236
764,"\n!x{[^\n]* AS [^\n]* GROUP BY [^\n]* CONSTRUCT [^\n]*}\n",0
765,"\n!x{[^\n]* AS [^\n]* GROUP BY [^\n]* BIND [^\n]*}\n",0
766,"\n!x{[^\n]* AS [^\n]* GROUP BY [^\n]* AS [^\n]*}\n",0
767,"\n!x{[^\n]* AS [^\n]* GROUP BY [^\n]* ASK [^\n]*}\n",0
768,"\n!x{[^\n]* AS [^\n]* GROUP BY [^\n]* GROUP BY [^\n]*}\n",0
769,"\n!x{[^\n]* AS [^\n]* GROUP BY [^\n]* ORDER BY [^\n]*}\n",12
770,"\n!x{[^\n]* CONSTRUCT [^\n]* LIMIT [^\n]*}\n",838
771,"\n!x{[^\n]* CONSTRUCT [^\n]* LIMIT [^\n]* OPTIONAL [^\n]*}\n",0
772,"\n!x{[^\n]* CONSTRUCT [^\n]* LIMIT [^\n]* FILTER [^\n]*}\n",0
773,"\n!x{[^\n]* CONSTRUCT [^\n]* LIMIT [^\n]* WHERE [^\n]*}\n",0
774,"\n!x{[^\n]* CONSTRUCT [^\n]* LIMIT [^\n]* PREFIX [^\n]*}\n",0
775,"\n!x{[^\n]* CONSTRUCT [^\n]* LIMIT [^\n]* SELECT [^\n]*}\n",0
776,"\n!x{[^\n]* CONSTRUCT [^\n]* LIMIT [^\n]* DISTINCT [^\n]*}\n",0
777,"\n!x{[^\n]* CONSTRUCT [^\n]* LIMIT [^\n]* LIMIT [^\n]*}\n",0
778,"\n!x{[^\n]* CONSTRUCT [^\n]* LIMIT [^\n]* CONSTRUCT [^\n]*}\n",0
779,"\n!x{[^\n]* CONSTRUCT [^\n]* LIMIT [^\n]* BIND [^\n]*}\n",0
780,"\n!x{[^\n]* CONSTRUCT [^\n]* LIMIT [^\n]* AS [^\n]*}\n",0
781,"\n!x{[^\n]* CONSTRUCT [^\n]* LIMIT [^\n]* ASK [^\n]*}\n",0
782,"\n!x{[^\n]* CONSTRUCT [^\n]* LIMIT [^\n]* GROUP BY [^\n]*}\n",0
783,"\n!x{[^\n]* CONSTRUCT [^\n]* LIMIT [^\n]* ORDER BY [^\n]*}\n",0
784,"\n!x{[^\n]* CONSTRUCT [^\n]* GROUP BY [^\n]*}\n",624
785,"\n!x{[^\n]* CONSTRUCT [^\n]* GROUP BY [^\n]* OPTIONAL [^\n]*}\n",0
786,"\n!x{[^\n]* CONSTRUCT [^\n]* GROUP BY [^\n]* FILTER [^\n]*}\n",0
787,"\n!x{[^\n]* CONSTRUCT [^\n]* GROUP BY [^\n]* WHERE [^\n]*}\n",0
788,"\n!x{[^\n]* CONSTRUCT [^\n]* GROUP BY [^\n]* PREFIX [^\n]*}\n",0
789,"\n!x{[^\n]* CONSTRUCT [^\n]* GROUP BY [^\n]* SELECT [^\n]*}\n",0
790,"\n!x{[^\n]* CONSTRUCT [^\n]* GROUP BY [^\n]* DISTINCT [^\n]*}\n",0
791,"\n!x{[^\n]* CONSTRUCT [^\n]* GROUP BY [^\n]* LIMIT [^\n]*}\n",0
792,"\n!x{[^\n]* CONSTRUCT [^\n]* GROUP BY [^\n]* CONSTRUCT [^\n]*}\n",0
793,"\n!x{[^\n]* CONSTRUCT [^\n]* GROUP BY [^\n]* BIND [^\n]*}\n",0
794,"\n!x{[^\n]* CONSTRUCT [^\n]* GROUP BY [^\n]* AS [^\n]*}\n",0
795,"\n!x{[^\n]* CONSTRUCT [^\n]* GROUP BY [^\n]* ASK [^\n]*}\n",0
796,"\n!x{[^\n]* CONSTRUCT [^\n]* GROUP BY [^\n]* GROUP BY [^\n]*}\n",0
797,"\n!x{[^\n]* CONSTRUCT [^\n]* GROUP BY [^\n]* ORDER BY [^\n]*}\n",0
798,"\n!x{[^\n]* AS [^\n]* FILTER [^\n]*}\n",368
799,"\n!x{[^\n]* AS [^\n]* FILTER [^\n]* OPTIONAL [^\n]*}\n",0
800,"\n!x{[^\n]* AS [^\n]* FILTER [^\n]* FILTER [^\n]*}\n",0
801,"\n!x{[^\n]* AS [^\n]* FILTER [^\n]* WHERE [^\n]*}\n",0
802,"\n!x{[^\n]* AS [^\n]* FILTER [^\n]* PREFIX [^\n]*}\n",0
803,"\n!x{[^\n]* AS [^\n]* FILTER [^\n]* SELECT [^\n]*}\n",0
804,"\n!x{[^\n]* AS [^\n]* FILTER [^\n]* DISTINCT [^\n]*}\n",0
805,"\n!x{[^\n]* AS [^\n]* FILTER [^\n]* LIMIT [^\n]*}\n",32
806,"\n!x{[^\n]* AS [^\n]* FILTER [^\n]* CONSTRUCT [^\n]*}\n",0
807,"\n!x{[^\n]* AS [^\n]* FILTER [^\n]* BIND [^\n]*}\n",0
808,"\n!x{[^\n]* AS [^\n]* FILTER [^\n]* AS [^\n]*}\n",0
809,"\n!x{[^\n]* AS [^\n]* FILTER [^\n]* ASK [^\n]*}\n",0
810,"\n!x{[^\n]* AS [^\n]* FILTER [^\n]* GROUP BY [^\n]*}\n",32
811,"\n!x{[^\n]* AS [^\n]* FILTER [^\n]* ORDER BY [^\n]*}\n",0
812,"\n!x{[^\n]* CONSTRUCT [^\n]* FILTER [^\n]*}\n",337
813,"\n!x{[^\n]* CONSTRUCT [^\n]* FILTER [^\n]* OPTIONAL [^\n]*}\n",0
814,"\n!x{[^\n]* CONSTRUCT [^\n]* FILTER [^\n]* FILTER [^\n]*}\n",0
815,"\n!x{[^\n]* CONSTRUCT [^\n]* FILTER [^\n]* WHERE [^\n]*}\n",0
816,"\n!x{[^\n]* CONSTRUCT [^\n]* FILTER [^\n]* PREFIX [^\n]*}\n",0
817,"\n!x{[^\n]* CONSTRUCT [^\n]* FILTER [^\n]* SELECT [^\n]*}\n",0
818,"\n!x{[^\n]* CONSTRUCT [^\n]* FILTER [^\n]* DISTINCT [^\n]*}\n",0
819,"\n!x{[^\n]* CONSTRUCT [^\n]* FILTER [^\n]* LIMIT [^\n]*}\n",1
820,"\n!x{[^\n]* CONSTRUCT [^\n]* FILTER [^\n]* CONSTRUCT [^\n]*}\n",0
821,"\n!x{[^\n]* CONSTRUCT [^\n]* FILTER [^\n]* BIND [^\n]*}\n",0
822,"\n!x{[^\n]* CONSTRUCT [^\n]* FILTER [^\n]* AS [^\n]*}\n",0
823,"\n!x{[^\n]* CONSTRUCT [^\n]* FILTER [^\n]* ASK [^\n]*}\n",0
824,"\n!x{[^\n]* CONSTRUCT [^\n]* FILTER [^\n]* GROUP BY [^\n]*}\n",0
825,"\n!x{[^\n]* CONSTRUCT [^\n]* FILTER [^\n]* ORDER BY [^\n]*}\n",0
826,"\n!x{[^\n]* PREFIX [^\n]* AS [^\n]*}\n",244
827,"\n!x{[^\n]* PREFIX [^\n]* AS [^\n]* OPTIONAL [^\n]*}\n",0
828,"\n!x{[^\n]* PREFIX [^\n]* AS [^\n]* FILTER [^\n]*}\n",0
829,"\n!x{[^\n]* PREFIX [^\n]* AS [^\n]* WHERE [^\n]*}\n",244
830,"\n!x{[^\n]* PREFIX [^\n]* AS [^\n]* PREFIX [^\n]*}\n",0
831,"\n!x{[^\n]* PREFIX [^\n]* AS [^\n]* SELECT [^\n]*}\n",0
832,"\n!x{[^\n]* PREFIX [^\n]* AS [^\n]* DISTINCT [^\n]*}\n",0
833,"\n!x{[^\n]* PREFIX [^\n]* AS [^\n]* LIMIT [^\n]*}\n",48
834,"\n!x{[^\n]* PREFIX [^\n]* AS [^\n]* CONSTRUCT [^\n]*}\n",0
835,"\n!x{[^\n]* PREFIX [^\n]* AS [^\n]* BIND [^\n]*}\n",0
836,"\n!x{[^\n]* PREFIX [^\n]* AS [^\n]* AS [^\n]*}\n",0
837,"\n!x{[^\n]* PREFIX [^\n]* AS [^\n]* ASK [^\n]*}\n",0
838,"\n!x{[^\n]* PREFIX [^\n]* AS [^\n]* GROUP BY [^\n]*}\n",144
839,"\n!x{[^\n]* PREFIX [^\n]* AS [^\n]* ORDER BY [^\n]*}\n",0
840,"\n!x{[^\n]* GROUP BY [^\n]* LIMIT [^\n]*}\n",236
841,"\n!x{[^\n]* GROUP BY [^\n]* LIMIT [^\n]* OPTIONAL [^\n]*}\n",0
842,"\n!x{[^\n]* GROUP BY [^\n]* LIMIT [^\n]* FILTER [^\n]*}\n",0
843,"\n!x{[^\n]* GROUP BY [^\n]* LIMIT [^\n]* WHERE [^\n]*}\n",0
844,"\n!x{[^\n]* GROUP BY [^\n]* LIMIT [^\n]* PREFIX [^\n]*}\n",0
845,"\n!x{[^\n]* GROUP BY [^\n]* LIMIT [^\n]* SELECT [^\n]*}\n",0
846,"\n!x{[^\n]* GROUP BY [^\n]* LIMIT [^\n]* DISTINCT [^\n]*}\n",0
847,"\n!x{[^\n]* GROUP BY [^\n]* LIMIT [^\n]* LIMIT [^\n]*}\n",0
848,"\n!x{[^\n]* GROUP BY [^\n]* LIMIT [^\n]* CONSTRUCT [^\n]*}\n",0
849,"\n!x{[^\n]* GROUP BY [^\n]* LIMIT [^\n]* BIND [^\n]*}\n",0
850,"\n!x{[^\n]* GROUP BY [^\n]* LIMIT [^\n]* AS [^\n]*}\n",0
851,"\n!x{[^\n]* GROUP BY [^\n]* LIMIT [^\n]* ASK [^\n]*}\n",0
852,"\n!x{[^\n]* GROUP BY [^\n]* LIMIT [^\n]* GROUP BY [^\n]*}\n",0
853,"\n!x{[^\n]* GROUP BY [^\n]* LIMIT [^\n]* ORDER BY [^\n]*}\n",0
854,"\n!x{[^\n]* ASK [^\n]*}\n",232
855,"\n!x{[^\n]* ASK [^\n]* OPTIONAL [^\n]*}\n",0
856,"\n!x{[^\n]* ASK [^\n]* FILTER [^\n]*}\n",0
857,"\n!x{[^\n]* ASK [^\n]* WHERE [^\n]*}\n",0
858,"\n!x{[^\n]* ASK [^\n]* PREFIX [^\n]*}\n",0
859,"\n!x{[^\n]* ASK [^\n]* SELECT [^\n]*}\n",0
860,"\n!x{[^\n]* ASK [^\n]* DISTINCT [^\n]*}\n",0
861,"\n!x{[^\n]* ASK [^\n]* LIMIT [^\n]*}\n",0
862,"\n!x{[^\n]* ASK [^\n]* CONSTRUCT [^\n]*}\n",0
863,"\n!x{[^\n]* ASK [^\n]* BIND [^\n]*}\n",0
864,"\n!x{[^\n]* ASK [^\n]* AS [^\n]*}\n",0
865,"\n!x{[^\n]* ASK [^\n]* ASK [^\n]*}\n",0
866,"\n!x{[^\n]* ASK [^\n]* GROUP BY [^\n]*}\n",0
867,"\n!x{[^\n]* ASK [^\n]* ORDER BY [^\n]*}\n",0
868,"\n!x{[^\n]* CONSTRUCT [^\n]* OPTIONAL [^\n]*}\n",231
869,"\n!x{[^\n]* CONSTRUCT [^\n]* OPTIONAL [^\n]* OPTIONAL [^\n]*}\n",0
870,"\n!x{[^\n]* CONSTRUCT [^\n]* OPTIONAL [^\n]* FILTER [^\n]*}\n",0
871,"\n!x{[^\n]* CONSTRUCT [^\n]* OPTIONAL [^\n]* WHERE [^\n]*}\n",0
872,"\n!x{[^\n]* CONSTRUCT [^\n]* OPTIONAL [^\n]* PREFIX [^\n]*}\n",0
873,"\n!x{[^\n]* CONSTRUCT [^\n]* OPTIONAL [^\n]* SELECT [^\n]*}\n",0
874,"\n!x{[^\n]* CONSTRUCT [^\n]* OPTIONAL [^\n]* DISTINCT [^\n]*}\n",0
875,"\n!x{[^\n]* CONSTRUCT [^\n]* OPTIONAL [^\n]* LIMIT [^\n]*}\n",231
876,"\n!x{[^\n]* CONSTRUCT [^\n]* OPTIONAL [^\n]* CONSTRUCT [^\n]*}\n",0
877,"\n!x{[^\n]* CONSTRUCT [^\n]* OPTIONAL [^\n]* BIND [^\n]*}\n",0
878,"\n!x{[^\n]* CONSTRUCT [^\n]* OPTIONAL [^\n]* AS [^\n]*}\n",0
879,"\n!x{[^\n]* CONSTRUCT [^\n]* OPTIONAL [^\n]* ASK [^\n]*}\n",0
880,"\n!x{[^\n]* CONSTRUCT [^\n]* OPTIONAL [^\n]* GROUP BY [^\n]*}\n",0
881,"\n!x{[^\n]* CONSTRUCT [^\n]* OPTIONAL [^\n]* ORDER BY [^\n]*}\n",0
882,"\n!x{[^\n]* ORDER BY [^\n]* LIMIT [^\n]*}\n",204
883,"\n!x{[^\n]* ORDER BY [^\n]* LIMIT [^\n]* OPTIONAL [^\n]*}\n",0
884,"\n!x{[^\n]* ORDER BY [^\n]* LIMIT [^\n]* FILTER [^\n]*}\n",0
885,"\n!x{[^\n]* ORDER BY [^\n]* LIMIT [^\n]* WHERE [^\n]*}\n",0
886,"\n!x{[^\n]* ORDER BY [^\n]* LIMIT [^\n]* PREFIX [^\n]*}\n",0
887,"\n!x{[^\n]* ORDER BY [^\n]* LIMIT [^\n]* SELECT [^\n]*}\n",0
888,"\n!x{[^\n]* ORDER BY [^\n]* LIMIT [^\n]* DISTINCT [^\n]*}\n",0
889,"\n!x{[^\n]* ORDER BY [^\n]* LIMIT [^\n]* LIMIT [^\n]*}\n",0
890,"\n!x{[^\n]* ORDER BY [^\n]* LIMIT [^\n]* CONSTRUCT [^\n]*}\n",0
891,"\n!x{[^\n]* ORDER BY [^\n]* LIMIT [^\n]* BIND [^\n]*}\n",0
892,"\n!x{[^\n]* ORDER BY [^\n]* LIMIT [^\n]* AS [^\n]*}\n",0
893,"\n!x{[^\n]* ORDER BY [^\n]* LIMIT [^\n]* ASK [^\n]*}\n",0
894,"\n!x{[^\n]* ORDER BY [^\n]* LIMIT [^\n]* GROUP BY [^\n]*}\n",0
895,"\n!x{[^\n]* ORDER BY [^\n]* LIMIT [^\n]* ORDER BY [^\n]*}\n",0
896,"\n!x{[^\n]* PREFIX [^\n]* CONSTRUCT [^\n]*}\n",97
897,"\n!x{[^\n]* PREFIX [^\n]* CONSTRUCT [^\n]* OPTIONAL [^\n]*}\n",0
898,"\n!x{[^\n]* PREFIX [^\n]* CONSTRUCT [^\n]* FILTER [^\n]*}\n",1
899,"\n!x{[^\n]* PREFIX [^\n]* CONSTRUCT [^\n]* WHERE [^\n]*}\n",97
900,"\n!x{[^\n]* PREFIX [^\n]* CONSTRUCT [^\n]* PREFIX [^\n]*}\n",0
901,"\n!x{[^\n]* PREFIX [^\n]* CONSTRUCT [^\n]* SELECT [^\n]*}\n",96
902,"\n!x{[^\n]* PREFIX [^\n]* CONSTRUCT [^\n]* DISTINCT [^\n]*}\n",0
903,"\n!x{[^\n]* PREFIX [^\n]* CONSTRUCT [^\n]* LIMIT [^\n]*}\n",1
904,"\n!x{[^\n]* PREFIX [^\n]* CONSTRUCT [^\n]* CONSTRUCT [^\n]*}\n",0
905,"\n!x{[^\n]* PREFIX [^\n]* CONSTRUCT [^\n]* BIND [^\n]*}\n",0
906,"\n!x{[^\n]* PREFIX [^\n]* CONSTRUCT [^\n]* AS [^\n]*}\n",96
907,"\n!x{[^\n]* PREFIX [^\n]* CONSTRUCT [^\n]* ASK [^\n]*}\n",0
908,"\n!x{[^\n]* PREFIX [^\n]* CONSTRUCT [^\n]* GROUP BY [^\n]*}\n",96
909,"\n!x{[^\n]* PREFIX [^\n]* CONSTRUCT [^\n]* ORDER BY [^\n]*}\n",0
910,"\n!x{[^\n]* SELECT [^\n]* SELECT [^\n]*}\n",96
911,"\n!x{[^\n]* SELECT [^\n]* SELECT [^\n]* OPTIONAL [^\n]*}\n",0
912,"\n!x{[^\n]* SELECT [^\n]* SELECT [^\n]* FILTER [^\n]*}\n",0
913,"\n!x{[^\n]* SELECT [^\n]* SELECT [^\n]* WHERE [^\n]*}\n",96
914,"\n!x{[^\n]* SELECT [^\n]* SELECT [^\n]* PREFIX [^\n]*}\n",0
915,"\n!x{[^\n]* SELECT [^\n]* SELECT [^\n]* SELECT [^\n]*}\n",0
916,"\n!x{[^\n]* SELECT [^\n]* SELECT [^\n]* DISTINCT [^\n]*}\n",0
917,"\n!x{[^\n]* SELECT [^\n]* SELECT [^\n]* LIMIT [^\n]*}\n",96
918,"\n!x{[^\n]* SELECT [^\n]* SELECT [^\n]* CONSTRUCT [^\n]*}\n",0
919,"\n!x{[^\n]* SELECT [^\n]* SELECT [^\n]* BIND [^\n]*}\n",0
920,"\n!x{[^\n]* SELECT [^\n]* SELECT [^\n]* AS [^\n]*}\n",0
921,"\n!x{[^\n]* SELECT [^\n]* SELECT [^\n]* ASK [^\n]*}\n",0
922,"\n!x{[^\n]* SELECT [^\n]* SELECT [^\n]* GROUP BY [^\n]*}\n",0
923,"\n!x{[^\n]* SELECT [^\n]* SELECT [^\n]* ORDER BY [^\n]*}\n",0
924,"\n!x{[^\n]* AS [^\n]* AS [^\n]*}\n",48
925,"\n!x{[^\n]* AS [^\n]* AS [^\n]* OPTIONAL [^\n]*}\n",0
926,"\n!x{[^\n]* AS [^\n]* AS [^\n]* FILTER [^\n]*}\n",0
927,"\n!x{[^\n]* AS [^\n]* AS [^\n]* WHERE [^\n]*}\n",0
928,"\n!x{[^\n]* AS [^\n]* AS [^\n]* PREFIX [^\n]*}\n",0
929,"\n!x{[^\n]* AS [^\n]* AS [^\n]* SELECT [^\n]*}\n",0
930,"\n!x{[^\n]* AS [^\n]* AS [^\n]* DISTINCT [^\n]*}\n",0
931,"\n!x{[^\n]* AS [^\n]* AS [^\n]* LIMIT [^\n]*}\n",0
932,"\n!x{[^\n]* AS [^\n]* AS [^\n]* CONSTRUCT [^\n]*}\n",0
933,"\n!x{[^\n]* AS [^\n]* AS [^\n]* BIND [^\n]*}\n",0
934,"\n!x{[^\n]* AS [^\n]* AS [^\n]* AS [^\n]*}\n",0
935,"\n!x{[^\n]* AS [^\n]* AS [^\n]* ASK [^\n]*}\n",0
936,"\n!x{[^\n]* AS [^\n]* AS [^\n]* GROUP BY [^\n]*}\n",0
937,"\n!x{[^\n]* AS [^\n]* AS [^\n]* ORDER BY [^\n]*}\n",0
938,"\n!x{[^\n]* FILTER [^\n]* GROUP BY [^\n]*}\n",32
939,"\n!x{[^\n]* FILTER [^\n]* GROUP BY [^\n]* OPTIONAL [^\n]*}\n",0
940,"\n!x{[^\n]* FILTER [^\n]* GROUP BY [^\n]* FILTER [^\n]*}\n",0
941,"\n!x{[^\n]* FILTER [^\n]* GROUP BY [^\n]* WHERE [^\n]*}\n",0
942,"\n!x{[^\n]* FILTER [^\n]* GROUP BY [^\n]* PREFIX [^\n]*}\n",0
943,"\n!x{[^\n]* FILTER [^\n]* GROUP BY [^\n]* SELECT [^\n]*}\n",0
944,"\n!x{[^\n]* FILTER [^\n]* GROUP BY [^\n]* DISTINCT [^\n]*}\n",0
945,"\n!x{[^\n]* FILTER [^\n]* GROUP BY [^\n]* LIMIT [^\n]*}\n",32
946,"\n!x{[^\n]* FILTER [^\n]* GROUP BY [^\n]* CONSTRUCT [^\n]*}\n",0
947,"\n!x{[^\n]* FILTER [^\n]* GROUP BY [^\n]* BIND [^\n]*}\n",0
948,"\n!x{[^\n]* FILTER [^\n]* GROUP BY [^\n]* AS [^\n]*}\n",0
949,"\n!x{[^\n]* FILTER [^\n]* GROUP BY [^\n]* ASK [^\n]*}\n",0
950,"\n!x{[^\n]* FILTER [^\n]* GROUP BY [^\n]* GROUP BY [^\n]*}\n",0
951,"\n!x{[^\n]* FILTER [^\n]* GROUP BY [^\n]* ORDER BY [^\n]*}\n",0
952,"\n!x{[^\n]* AS [^\n]* ORDER BY [^\n]*}\n",12
953,"\n!x{[^\n]* AS [^\n]* ORDER BY [^\n]* OPTIONAL [^\n]*}\n",0
954,"\n!x{[^\n]* AS [^\n]* ORDER BY [^\n]* FILTER [^\n]*}\n",0
955,"\n!x{[^\n]* AS [^\n]* ORDER BY [^\n]* WHERE [^\n]*}\n",0
956,"\n!x{[^\n]* AS [^\n]* ORDER BY [^\n]* PREFIX [^\n]*}\n",0
957,"\n!x{[^\n]* AS [^\n]* ORDER BY [^\n]* SELECT [^\n]*}\n",0
958,"\n!x{[^\n]* AS [^\n]* ORDER BY [^\n]* DISTINCT [^\n]*}\n",0
959,"\n!x{[^\n]* AS [^\n]* ORDER BY [^\n]* LIMIT [^\n]*}\n",12
960,"\n!x{[^\n]* AS [^\n]* ORDER BY [^\n]* CONSTRUCT [^\n]*}\n",0
961,"\n!x{[^\n]* AS [^\n]* ORDER BY [^\n]* BIND [^\n]*}\n",0
962,"\n!x{[^\n]* AS [^\n]* ORDER BY [^\n]* AS [^\n]*}\n",0
963,"\n!x{[^\n]* AS [^\n]* ORDER BY [^\n]* ASK [^\n]*}\n",0
964,"\n!x{[^\n]* AS [^\n]* ORDER BY [^\n]* GROUP BY [^\n]*}\n",0
965,"\n!x{[^\n]* AS [^\n]* ORDER BY [^\n]* ORDER BY [^\n]*}\n",0
966,"\n!x{[^\n]* FILTER [^\n]* FILTER [^\n]*}\n",6
967,"\n!x{[^\n]* FILTER [^\n]* FILTER [^\n]* OPTIONAL [^\n]*}\n",0
968,"\n!x{[^\n]* FILTER [^\n]* FILTER [^\n]* FILTER [^\n]*}\n",6
969,"\n!x{[^\n]* FILTER [^\n]* FILTER [^\n]* WHERE [^\n]*}\n",0
970,"\n!x{[^\n]* FILTER [^\n]* FILTER [^\n]* PREFIX [^\n]*}\n",0
971,"\n!x{[^\n]* FILTER [^\n]* FILTER [^\n]* SELECT [^\n]*}\n",0
972,"\n!x{[^\n]* FILTER [^\n]* FILTER [^\n]* DISTINCT [^\n]*}\n",0
973,"\n!x{[^\n]* FILTER [^\n]* FILTER [^\n]* LIMIT [^\n]*}\n",6
974,"\n!x{[^\n]* FILTER [^\n]* FILTER [^\n]* CONSTRUCT [^\n]*}\n",0
975,"\n!x{[^\n]* FILTER [^\n]* FILTER [^\n]* BIND [^\n]*}\n",0
976,"\n!x{[^\n]* FILTER [^\n]* FILTER [^\n]* AS [^\n]*}\n",0
977,"\n!x{[^\n]* FILTER [^\n]* FILTER [^\n]* ASK [^\n]*}\n",0
978,"\n!x{[^\n]* FILTER [^\n]* FILTER [^\n]* GROUP BY [^\n]*}\n",0
979,"\n!x{[^\n]* FILTER [^\n]* FILTER [^\n]* ORDER BY [^\n]*}\n",0
